id,subject,level,stage,match,half,topic,question,option_1,option_2,option_3,answer,status,show_answer,solution,speed_trick,note,on_the_show,video_link
26-fin-qb-0919,AM,3,final,FUTA v OAU,Quick Buzz,Differential equations,Which method is most commonly used to solve initial value problems for linear PDEs like the heat or wave equations?,Gaussian Elimination,Bisection Method,Separation of Variables,Separation of Variables,Confirmed by the show,,"Write u(x, t) = X(x)T(t). This splits the PDE into two ordinary differential equations, which are solved using the boundary and initial conditions. Gaussian Elimination solves linear systems and Bisection finds roots, so neither handles PDEs. The answer is Separation of Variables.","Heat and wave equations are PDEs, and the classic method for them is separation of variables. Gaussian Elimination is for linear systems and Bisection is for roots, so rule those two out by name.",,Mathew (FUTA) wrong,https://youtu.be/MmCQhh6aGrE?t=916
26-fin-qb-0938,AM,3,final,FUTA v OAU,Quick Buzz,Exponential decay,"The half life of a radioactive substance is 4 years. If the initial amount is 400 grams, how much will remain after 20 years?",,,,12.5 grams,Confirmed by the show,,Number of half lives = 20 ÷ 4 = 5. Amount left = 400 × (1/2)⁵ = 400 ÷ 32 = 12.5. So 12.5 grams remain.,"Halve five times, once for every 4 years: 400, 200, 100, 50, 25, 12.5.",,Quayum (OAU) wrong,https://youtu.be/MmCQhh6aGrE?t=935
26-fin-qb-0965,AM,3,final,FUTA v OAU,Quick Buzz,Mechanics,Convert 1.5 kilograms to newtons using g = 9.81 metres per second squared.,1.4715N,14.715N,147.15N,14.715N,Confirmed by the show,,Weight W = m × g = 1.5 × 9.81. 1.5 × 9.81 = 9.81 + 4.905 = 14.715. The answer is 14.715 N.,"g is about 10, so 1.5 × 10 = 15. Only 14.715N is near 15, because the other two options are ten times too small or ten times too big.",,Faith (FUTA) right,https://youtu.be/MmCQhh6aGrE?t=962
26-fin-qb-0971,AM,3,final,FUTA v OAU,Quick Buzz,Combinations,A committee needs 3 men and 2 women from 8 men and 6 women candidates. How many different committees are possible?,840,480,560,840,Confirmed by the show,,Choose 3 men from 8: 8C3 = (8 × 7 × 6) ÷ (3 × 2 × 1) = 56. Choose 2 women from 6: 6C2 = (6 × 5) ÷ 2 = 15. Multiply the two: 56 × 15 = 840. There are 840 committees.,"The answer must be a multiple of 7 (from the 56) and of 3 (from the 15). 480 is not a multiple of 7 and 560 is not a multiple of 3, so 840 is left.",,Quayum (OAU) wrong,https://youtu.be/MmCQhh6aGrE?t=968
26-fin-qb-0991,AM,3,final,FUTA v OAU,Quick Buzz,Counting,A security code consists of 3 letters followed by 2 digits. How many codes are possible if letters cannot repeat?,"1,560,000","1,460,000","1,360,000","1,560,000",Confirmed by the show,,"With 26 letters and no repeats, the 3 letters can be chosen in 26 × 25 × 24 = 15,600 ways. Each of the 2 digits can be any of 10, so there are 10 × 10 = 100 digit pairs. Total = 15,600 × 100 = 1,560,000. The answer is 1,560,000.","25 × 24 = 600, then 26 × 600 = 15,600. Add two zeros for the digits: 1,560,000.",,(OAU) right,https://youtu.be/MmCQhh6aGrE?t=988
26-fin-qb-1013,AM,3,final,FUTA v OAU,Quick Buzz,"Speed, distance, time",What distance is covered if the speed is 40 metres per second for 10 seconds?,,,,400 m,Confirmed by the show,,Distance = speed × time = 40 × 10 = 400. The distance is 400 m.,Times 10 just adds a zero: 40 becomes 400.,The player said 400 and the show gave the points.,(FUTA) right,https://youtu.be/MmCQhh6aGrE?t=1010
26-fin-qb-1028,AM,3,final,FUTA v OAU,Quick Buzz,Optimisation,A bookstore's sale revenue follows R(x) = 160x − 4x². Find books to sell for peak revenue.,,,,20 books,Confirmed by the show,,"R(x) = 160x − 4x² is a downward parabola, so the peak is where dR/dx = 160 − 8x = 0. That gives x = 160 ÷ 8 = 20. The peak revenue is R(20) = 3,200 − 1,600 = 1,600. So the bookstore should sell 20 books.","The revenue is zero at x = 0 and at x = 160 ÷ 4 = 40, and the peak is halfway between them: 20.",,Quayum (OAU) right,https://youtu.be/MmCQhh6aGrE?t=1025
26-fin-qb-1188,AM,3,final,FUTA v OAU,Quick Buzz,Scale,"Calculate the river's actual length when appearing as 4 centimetres on 1:50,000 hydrographic maps.",,,,"2km or 200,000cm",Confirmed by the show,,"Actual length = map length × scale number = 4 × 50,000 = 200,000 cm. 100,000 cm = 1 km, so 200,000 cm = 2 km. The river is 2 km (200,000 cm) long.","On a 1:50,000 map, 1 cm stands for 50,000 cm, which is 0.5 km. So 4 cm is 4 × 0.5 = 2 km.",,Faith (FUTA) right,https://youtu.be/MmCQhh6aGrE?t=1185
26-fin-qb-1192,AM,3,final,FUTA v OAU,Quick Buzz,Permutations,"In a race with 8 runners, how many ways can gold, silver, and bronze be awarded?",,,,336 ways,Confirmed by the show,,"Gold, silver and bronze go to three different runners and the order matters. 8P3 = 8 × 7 × 6 = 336. There are 336 ways.","Multiply three numbers counting down from 8: 8 × 7 = 56, then 56 × 6 = 336.",,Faith (FUTA) right,https://youtu.be/MmCQhh6aGrE?t=1189
26-fin-qb-1200,AM,3,final,FUTA v OAU,Quick Buzz,Combinations,"In a 10-bit binary system, how many numbers contain exactly five 1's?",200,210,252,252,Confirmed by the show,,"Choose which 5 of the 10 bit positions hold a 1: 10C5 = (10 × 9 × 8 × 7 × 6) ÷ (5 × 4 × 3 × 2 × 1) = 30,240 ÷ 120 = 252. So 252 numbers have exactly five 1's.","Remember 10C5 = 252. It is the biggest number in row 10 of Pascal's triangle (1, 10, 45, 120, 210, 252), and 210 is just the one next to it.",,Quayum (OAU) right,https://youtu.be/MmCQhh6aGrE?t=1197
26-fin-qb-1206,AM,3,final,FUTA v OAU,Quick Buzz,Scale,"Find the actual distance in kilometres between two towns 3 centimetres apart on a 1:50,000 map.",,,,1.5km,Confirmed by the show,,"Actual distance = 3 × 50,000 = 150,000 cm. 150,000 cm ÷ 100,000 = 1.5 km. The distance is 1.5 km.","On a 1:50,000 map, 1 cm is 0.5 km, so 3 cm is half of 3: 1.5 km.",,Lekan (OAU) right,https://youtu.be/MmCQhh6aGrE?t=1203
26-fin-qb-1211,AM,3,final,FUTA v OAU,Quick Buzz,Simple interest,"What principal earns ₦18,000 in simple interest at 6% yearly over 4 years?","₦12,000","₦75,000","₦25,000","₦75,000",Confirmed by the show,,"Simple interest I = P × R × T, so P = I ÷ (R × T). R × T = 0.06 × 4 = 0.24. P = 18,000 ÷ 0.24 = 75,000. The principal is ₦75,000.","6% a year for 4 years is 24% of the principal, which is just under a quarter. So the principal is a bit over 4 × 18,000 = 72,000, and only ₦75,000 fits.",,Faith (FUTA) wrong,https://youtu.be/MmCQhh6aGrE?t=1208
26-fin-qb-1221,AM,3,final,FUTA v OAU,Quick Buzz,Density,What is the density of a 20 kilogram object having a volume of 5 metre cube?,0.125 kg m⁻³,4 kg m⁻³,100 kg m⁻³,4 kg m⁻³,Confirmed by the show,,Density = mass ÷ volume = 20 ÷ 5 = 4. The density is 4 kg m⁻³.,Divide mass by volume: 20 ÷ 5 = 4. The option 100 comes from multiplying 20 × 5 by mistake.,,Quayum (OAU) right,https://youtu.be/MmCQhh6aGrE?t=1218
26-fin-qb-1233,AM,3,final,FUTA v OAU,Quick Buzz,Electricity,What is the power if the voltage is 12 volts and the current is 3 amperes?,0.25W,4W,36W,36W,Confirmed by the show,,Power P = V × I = 12 × 3 = 36. The power is 36 W.,"Power is volts times amps, so multiply: 12 × 3 = 36. The other two options are the divisions, 12 ÷ 3 = 4 and 3 ÷ 12 = 0.25.",,Faith (FUTA) wrong,https://youtu.be/MmCQhh6aGrE?t=1230
26-fin-qb-1236,AM,3,final,FUTA v OAU,Quick Buzz,Permutations,"If n Permutation 2 = 56, what is n?",8,16,32,8,Confirmed by the show,,"nP2 = n × (n − 1) = 56. Two consecutive numbers with product 56 are 8 and 7, so n = 8. The other root of n² − n − 56 = 0 is −7, which cannot be used. The answer is 8.","Find two neighbouring numbers that multiply to 56: 7 × 8. The bigger one is n, so n = 8.",,(OAU) right,https://youtu.be/MmCQhh6aGrE?t=1233
26-fin-qb-1248,AM,3,final,FUTA v OAU,Quick Buzz,Rates,A pipe fills a tank at a rate of 0.5 litres per second. How many litres in 2 hours?,,,,"3,600L",Confirmed by the show,,"2 hours = 2 × 3,600 = 7,200 seconds. Volume = rate × time = 0.5 × 7,200 = 3,600. The pipe delivers 3,600 L.","Half a litre per second means half as many litres as seconds. 2 hours is 7,200 seconds, and half of 7,200 is 3,600.",,Faith (FUTA) wrong,https://youtu.be/MmCQhh6aGrE?t=1245
26-fin-qb-1255,AM,3,final,FUTA v OAU,Quick Buzz,Permutations,"In a race with 11 runners, how many ways can gold, silver, and bronze be awarded?",,,,990,Confirmed by the show,,"Gold, silver and bronze go to three different runners and the order matters. 11P3 = 11 × 10 × 9 = 990. There are 990 ways.","11 × 9 = 99, then × 10 gives 990.",,Quayum (OAU) right,https://youtu.be/MmCQhh6aGrE?t=1252
26-fin-qb-1267,AM,3,final,FUTA v OAU,Quick Buzz,Logarithms,"An earthquake's amplitude is 1,000 times stronger than a reference quake. What is its Richter scale value?",2,3,5,3,Confirmed by the show,,"Richter magnitude M = log₁₀(A ÷ A₀), where A ÷ A₀ is the amplitude ratio. The ratio is 1,000, so M = log₁₀(1,000) = 3. The Richter value is 3.","Count the zeros in 1,000. There are three, so log₁₀(1,000) = 3.",,Faith (FUTA) right,https://youtu.be/MmCQhh6aGrE?t=1264
26-fin-qb-1284,AM,3,final,FUTA v OAU,Quick Buzz,Exponential growth,"If bacteria count is 100 and doubles every hour, find count after 6 hours",,,,6400,Confirmed by the show,,"Count after n hours = 100 × 2ⁿ. With n = 6, 2⁶ = 64. So the count is 100 × 64 = 6,400.","2⁶ = 64, then add two zeros for the 100: 6,400.",,Quayum (OAU) right,https://youtu.be/MmCQhh6aGrE?t=1281
26-fin-qb-1296,AM,3,final,FUTA v OAU,Quick Buzz,Work rate,"If 6 workers can build 4 cabinets in 3 days, how many days will it take for 18 workers to build 20 cabinets?",4 days,5 days,6 days,5 days,Confirmed by the show,,"Work is workers × days. 6 workers × 3 days = 18 worker days build 4 cabinets, so one cabinet needs 4.5 worker days. 20 cabinets need 20 × 4.5 = 90 worker days, and 90 ÷ 18 = 5. It takes 5 days.","Three times the workers (6 to 18) cuts the time to a third, and five times the cabinets (4 to 20) multiplies it by five. So 3 days × 5 ÷ 3 = 5 days.",,Faith (FUTA) wrong,https://youtu.be/MmCQhh6aGrE?t=1293
26-fin-qb-1305,AM,3,final,FUTA v OAU,Quick Buzz,Optimisation,A toy company's revenue from selling x units is R(x) = 120x − 6x². Find x for maximum revenue.,,,,10 units,Confirmed by the show,,"R(x) = 120x − 6x² is a downward parabola, so the peak is where dR/dx = 120 − 12x = 0. That gives x = 120 ÷ 12 = 10. The peak revenue is R(10) = 1,200 − 600 = 600. So x = 10 units.","The revenue is zero at x = 0 and at x = 120 ÷ 6 = 20, and the peak is halfway between them: 10.",,Faith (FUTA) wrong,https://youtu.be/MmCQhh6aGrE?t=1302
26-fin-qb-1471,AM,3,final,FUTA v OAU,Quick Buzz,Power,What is the power if 100 Joules of work is done in 5 seconds?,20W,40W,10W,20W,Confirmed by the show,,Power = work ÷ time = 100 ÷ 5 = 20. The power is 20 W.,Dividing by 5 is the same as doubling and dividing by 10: 200 ÷ 10 = 20.,,Quayum (OAU) right,https://youtu.be/MmCQhh6aGrE?t=1468
26-fin-qb-1476,AM,3,final,FUTA v OAU,Quick Buzz,Fractions,"A pizza is divided into 8 slices. If 3 people eat 2 slices each, what fraction remains?",1/4,1/8,1/2,1/4,Confirmed by the show,,Slices eaten = 3 × 2 = 6. Slices left = 8 − 6 = 2. Fraction left = 2/8 = 1/4. The answer is 1/4.,"6 of the 8 slices are eaten, which is 3/4, so 1/4 is left.",,Faith (FUTA) wrong,https://youtu.be/MmCQhh6aGrE?t=1473
26-fin-qb-1484,AM,3,final,FUTA v OAU,Quick Buzz,Graph theory,What is the minimum number of edges a graph with 5 vertices must have to guarantee it is connected?,4,10,6,4,Confirmed by the show,,"The fewest edges a connected graph on n vertices can have is n − 1, which is a tree. For 5 vertices that is 5 − 1 = 4. Read strictly, 'guarantee' would need 7 edges, but 7 is not an option. The intended answer is 4.",The show means the fewest edges a connected graph can have: n − 1 = 4.,"Read literally, 'guarantee it is connected' needs 7 edges, because K4 plus an isolated vertex has 6 edges and is not connected (checked over all graphs on 5 vertices). The show's 4 is the fewest edges a connected 5 vertex graph can have (a tree), and 7 is not among the options. 4 edges is the fewest a connected 5-vertex graph can have (a tree). Strictly, to guarantee connection you'd need 7, which isn't an option.",Faith (FUTA) right,https://youtu.be/MmCQhh6aGrE?t=1481
26-fin-qb-1505,AM,3,final,FUTA v OAU,Quick Buzz,Simple interest,Juliet invests $450 at 20% interest for one year. What is her total amount at year end?,$540,$470,$500,$540,Confirmed by the show,,"Interest = 20% of 450 = 0.2 × 450 = 90. Total = 450 + 90 = 540. For one year, simple and compound interest give the same amount. Her total is $540.","10% of 450 is 45, so 20% is 90. Then 450 + 90 = 540.",,(FUTA) right,https://youtu.be/MmCQhh6aGrE?t=1502
26-fin-qb-1520,AM,3,final,FUTA v OAU,Quick Buzz,Waves,What is the speed of a wave with frequency 5 hertz and wavelength 3 metres?,10 m s⁻¹,12 m s⁻¹,15 m s⁻¹,15 m s⁻¹,Confirmed by the show,,"Wave speed v = f × λ = 5 × 3 = 15. Speed is measured in m s⁻¹ (metres per second), not m s⁻². The speed is 15 m s⁻¹.",Speed is frequency times wavelength: 5 × 3 = 15. Hz times metres gives m s⁻¹.,The show printed the unit as m s⁻²; speed is in m s⁻¹.,Faith (FUTA) wrong,https://youtu.be/MmCQhh6aGrE?t=1517
26-fin-qb-1530,AM,3,final,FUTA v OAU,Quick Buzz,Work rate,"If 3 machines make 3 widgets in 3 minutes, how long for 100 machines to make 150 widgets?",300 minutes,4.5 minutes,100 minutes,4.5 minutes,Confirmed by the show,,"3 machines make 3 widgets in 3 minutes, so one machine makes 1 widget in 3 minutes. 100 machines make 100 widgets in 3 minutes. For 150 widgets the time is 150 ÷ 100 × 3 = 4.5 minutes. The answer is 4.5 minutes.","100 machines make 100 widgets in 3 minutes. 150 widgets is one and a half times that, so it takes one and a half times 3 minutes: 4.5.",,Faith (FUTA) right,https://youtu.be/MmCQhh6aGrE?t=1527
26-fin-qb-1532,AM,3,final,FUTA v OAU,Quick Buzz,Population growth,Initial population: 1 million. Birth rate: 20 per 1000 per year. Find the population after 1 year (no deaths/migration).,"1,020,000","240,000","1,040,000","1,020,000",Confirmed by the show,,"Births in one year = 1,000,000 × 20 ÷ 1,000 = 20,000. New population = 1,000,000 + 20,000 = 1,020,000. The population is 1,020,000.","20 per 1,000 is 2%. 2% of 1,000,000 is 20,000, so add it on: 1,020,000.",,Quayum (OAU) right,https://youtu.be/MmCQhh6aGrE?t=1529
26-fin-qb-1551,AM,3,final,FUTA v OAU,Quick Buzz,Electric field,A charge q = 3C experiences F = 180 Newton. What is the Electric field?,,,,60 N/C,Confirmed by the show,,Electric field E = F ÷ q = 180 ÷ 3 = 60. The electric field is 60 N/C.,"18 ÷ 3 = 6, so 180 ÷ 3 = 60.",,Faith (FUTA) right,https://youtu.be/MmCQhh6aGrE?t=1548
26-fin-qb-1555,AM,3,final,FUTA v OAU,Quick Buzz,Simple interest,"Find the simple interest on ₦240,000 at 9% per year for 8 months.","₦26,400","₦12,400","₦14,400","₦14,400",Confirmed by the show,,"8 months = 8 ÷ 12 = 2/3 of a year. Simple interest = P × R × T = 240,000 × 0.09 × 2/3. Now 0.09 × 2/3 = 0.06, and 240,000 × 0.06 = 14,400. The interest is ₦14,400.","8 months is two thirds of a year, so 9% a year becomes 6% for 8 months. 6% of 240,000 is 6 × 2,400 = 14,400.",,Quayum (OAU) wrong,https://youtu.be/MmCQhh6aGrE?t=1552
26-fin-qb-1568,AM,3,final,FUTA v OAU,Quick Buzz,Geometric series,Find the sum of the infinite geometric series: 5 + 2.5 + 1.25 +...,15,12.5,10,10,Confirmed by the show,,"This is a geometric series with first term a = 5 and common ratio r = 2.5 ÷ 5 = 0.5. Since r is between −1 and 1, the sum to infinity is S = a ÷ (1 − r) = 5 ÷ 0.5 = 10. The sum is 10.","The ratio is 1/2, so the series adds up to twice the first term: 2 × 5 = 10.",,Quayum (OAU) right,https://youtu.be/MmCQhh6aGrE?t=1565
26-fin-qb-1798,AM,3,final,FUTA v OAU,Quick Buzz,Electricity,What is the resistance if the voltage is 10 volts and the current is 2 amperes?,2Ω,5Ω,6Ω,5Ω,Confirmed by the show,,"Ohm's law says V = I × R, so R = V ÷ I = 10 ÷ 2 = 5. The resistance is 5 Ω.","Dividing by 2 is halving, and half of 10 is 5.",,Quayum (OAU) right,https://youtu.be/MmCQhh6aGrE?t=1795
26-fin-qb-1815,AM,3,final,FUTA v OAU,Quick Buzz,Vectors,"If A = 2i + 5j and B = i − 3j, what is A dot B?",−13,−15,−16,−13,Confirmed by the show,,The dot product multiplies matching parts and adds them. A · B = (2 × 1) + (5 × (−3)) = 2 − 15 = −13. The answer is −13.,"The i parts give 2 and the j parts give −15, so all you need is 2 − 15 = −13.",,Quayum (OAU) right,https://youtu.be/MmCQhh6aGrE?t=1812
26-fin-qb-1852,AM,3,final,FUTA v OAU,Quick Buzz,Calculus,The rate of a reaction is modelled by R(t) = 3t² − 6t. At what time t is the rate minimized?,1s,2s,3s,1s,Confirmed by the show,,"The rate is lowest where its derivative is zero. dR/dt = 6t − 6 = 0, so t = 1. The second derivative is 6, which is positive, so this is a minimum. The rate is minimized at t = 1 s.","R = 3t(t − 2) is a parabola that is zero at t = 0 and t = 2, so its lowest point is halfway between them, at t = 1.",,Quayum (OAU) right,https://youtu.be/MmCQhh6aGrE?t=1849
26-fin-qb-1862,AM,3,final,FUTA v OAU,Quick Buzz,Series,What is the sum of the first 20 odd numbers?,200,400,420,400,Confirmed by the show,,The sum of the first n odd numbers is n². For n = 20 that is 20² = 400. The sum is 400.,"The first n odd numbers always add up to n², so 20 × 20 = 400.",,Quayum (OAU) right,https://youtu.be/MmCQhh6aGrE?t=1859
26-fin-qb-1864,AM,3,final,FUTA v OAU,Quick Buzz,Percentages,A microscope magnifies an image from 0.1 millimetres to 1.5 millimetres. Find the percentage magnification.,"1,200%",340%,"1,400%","1,400%",Confirmed by the show,,"Read this as the percentage increase in size: (new − old) ÷ old × 100 = (1.5 − 0.1) ÷ 0.1 × 100 = 1.4 ÷ 0.1 × 100 = 14 × 100. The percentage magnification is 1,400%.","The image grew by 1.4 mm, which is 14 times the original 0.1 mm, so 14 × 100% = 1,400%.","Magnification is often the ratio 1.5 ÷ 0.1 = 15 times, which written as a percentage is 1,500%. The show's 1,400% is the percentage increase, (1.5 − 0.1) ÷ 0.1 × 100, and 1,500% is not among the options.",Quayum (OAU) right,https://youtu.be/MmCQhh6aGrE?t=1861
26-fin-qb-1876,AM,3,final,FUTA v OAU,Quick Buzz,Half-life,A drug decays to 12.5% of its initial dose in 24 hours. Find its half life.,,,,8 hours,Confirmed by the show,,"12.5% = 1/8 = (1/2)³, so the dose halved 3 times in 24 hours. Half life = 24 ÷ 3 = 8. The half life is 8 hours.","Halve three times: 100%, 50%, 25%, 12.5%. Three halvings in 24 hours means 8 hours each.",,Quayum (OAU) right,https://youtu.be/MmCQhh6aGrE?t=1873
26-fin-qb-1893,AM,3,final,FUTA v OAU,Quick Buzz,Quadratics,The profit P(q) = 4q² + 240q − 100. Find the quantity for the minimum profit.,,,,−30,Confirmed by the show,,"P(q) = 4q² + 240q − 100 is an upward parabola, so its lowest point is the turning point q = −b ÷ (2a). That gives q = −240 ÷ (2 × 4) = −240 ÷ 8 = −30. A negative quantity is odd in real life, but it is the turning point the question asks for. The answer is q = −30.","The turning point is at −b ÷ 2a: 240 ÷ 8 = 30, and with the minus sign that is −30.","The turning point of 4q² + 240q − 100 is at q = −240 ÷ 8 = −30. A negative quantity makes little sense in real life, but −30 is the answer the show gave.",,https://youtu.be/MmCQhh6aGrE?t=1890
26-fin-qb-1907,AM,3,final,FUTA v OAU,Quick Buzz,Clock angles,"At 4:20 AM, what is the exact angle between the hour and minute hands of a clock?",20°,10°,130°,10°,Confirmed by the show,,At 4:20 the hour hand is at 4 × 30° + 20 × 0.5° = 130°. The minute hand is at 20 × 6° = 120°. The angle between them is 130° − 120° = 10°.,"Use 30 × hours − 5.5 × minutes = 120 − 110 = 10°, ignoring any minus sign. If that comes out over 180°, take it away from 360°.",,,https://youtu.be/MmCQhh6aGrE?t=1904
26-fin-bm-2150,AM,3,final,FUTA v OAU,Brain Match,Work,How much work is done lifting 8 kilograms through 3 metres? (g = 9.8 m/s²),426J,235J,625J,235J,Confirmed by the show,,"Work done = weight × height = m × g × h = 8 × 9.8 × 3. 8 × 3 = 24, and 24 × 9.8 = 235.2. The work done is about 235 J.","8 × 3 = 24, and 24 × 10 is 240, so the answer is just under 240. Only 235J is close.",,Faith (FUTA) right,https://youtu.be/MmCQhh6aGrE?t=2147
26-fin-bm-2155,AM,3,final,FUTA v OAU,Brain Match,Simple interest,"If $10,000 is invested at a 4% annual simple interest rate, what will be the total balance after 2 years?",,,,"$10,800",Confirmed by the show,,"Simple interest = P × r × t = 10,000 × 0.04 × 2 = 800. Total balance = 10,000 + 800 = 10,800. The balance is $10,800.","4% of 10,000 is 400 a year, so 800 over 2 years. Add it on: 10,800.",,Faith (FUTA) missed,https://youtu.be/MmCQhh6aGrE?t=2152
26-fin-bm-2160,AM,3,final,FUTA v OAU,Brain Match,Ratio,"At a school, the boy-to-girl ratio stands at 2:9. With 315 girls enrolled, how many boys attend?",,,,70,Confirmed by the show,,"The girls are 9 parts of the ratio, so one part = 315 ÷ 9 = 35. The boys are 2 parts: 2 × 35 = 70. There are 70 boys.","315 ÷ 9 = 35, then double it: 70.",,Faith (FUTA) missed,https://youtu.be/MmCQhh6aGrE?t=2157
26-fin-bm-2165,AM,3,final,FUTA v OAU,Brain Match,Magnetism,What is the unit of magnetic flux?,Newton,Weber,Tesla,Weber,Confirmed by the show,,"Magnetic flux is measured in webers (Wb). The newton is the unit of force, and the tesla is the unit of flux density, which is one weber per square metre. The answer is Weber.","Tesla is flux per square metre, so the flux itself is the weber.",,Faith (FUTA) missed,https://youtu.be/MmCQhh6aGrE?t=2162
26-fin-bm-2170,AM,3,final,FUTA v OAU,Brain Match,Dilution,A pharmacist must dilute 100mL of 8% saline solution to make 4% solution. How much distilled water should be added?,50mL,100mL,150mL,100mL,Confirmed by the show,,"The amount of salt does not change, so 8% × 100 mL = 4% × V, where V is the final volume. V = 800 ÷ 4 = 200 mL. The water to add is 200 − 100 = 100 mL.","Going from 8% to 4% halves the strength, so the volume must double. Doubling 100 mL means adding 100 mL of water.",,Quayum (OAU) right,https://youtu.be/MmCQhh6aGrE?t=2167
26-fin-bm-2173,AM,3,final,FUTA v OAU,Brain Match,Coordinate geometry,"A line segment joins (6, -3) to (-2, 5). What is its length?",10 units,8√2 units,14 units,8√2 units,Confirmed by the show,,"Length = √(Δx² + Δy²), where Δx and Δy are the differences in x and y. Δx = 6 − (−2) = 8 and Δy = −3 − 5 = −8, so the length is √(64 + 64) = √128 = √(64 × 2) = 8√2. The length is 8√2 units.","Both differences are 8, so the segment is the diagonal of an 8 by 8 square: 8√2. That is about 11.3, so 10 and 14 are out.",,Quayum (OAU) right,https://youtu.be/MmCQhh6aGrE?t=2170
26-fin-bm-2176,AM,3,final,FUTA v OAU,Brain Match,Magnetism,What does the slope of the B-H curve represent?,Permeability,Resistance,Current,Permeability,Confirmed by the show,,"Permeability is defined by B = μ × H, so on a graph of B against H the slope is μ. The slope of the B-H curve represents permeability.","B = μH has the same shape as y = mx, so the slope is μ, the permeability.",,Quayum (OAU) right,https://youtu.be/MmCQhh6aGrE?t=2173
26-fin-bm-2179,AM,3,final,FUTA v OAU,Brain Match,Vectors,What is the dot product of orthogonal vectors?,,,,0,Confirmed by the show,,"A · B = (length of A) × (length of B) × cos θ. Orthogonal vectors meet at θ = 90°, and cos 90° = 0. So the dot product is 0.","Orthogonal means at right angles, and cos 90° = 0, so the answer is 0.",,Quayum (OAU) right,https://youtu.be/MmCQhh6aGrE?t=2176
26-fin-bm-2183,AM,3,final,FUTA v OAU,Brain Match,Ratio,"A recipe requires flour and sugar in the ratio 5:3. If 400 grams of flour is used, how much sugar is needed?",,,,240g,Confirmed by the show,,"Flour is 5 parts, so one part = 400 ÷ 5 = 80 g. Sugar is 3 parts: 3 × 80 = 240 g. So 240 g of sugar is needed.","400 ÷ 5 = 80 for one part, then 80 × 3 = 240.",,Quayum (OAU) missed,https://youtu.be/MmCQhh6aGrE?t=2180
26-fin-bm-2188,AM,3,final,FUTA v OAU,Brain Match,Electrostatics,What does Gauss's law relate electric field to?,Mass,Charge,Area,Charge,Confirmed by the show,,Gauss's law says the electric flux through a closed surface equals the enclosed charge divided by the permittivity of free space. So it ties the electric field to the charge inside. The answer is Charge.,Gauss's law is the charge law: the field flux depends on the charge enclosed.,,Faith (FUTA) right,https://youtu.be/MmCQhh6aGrE?t=2185
26-fin-bm-2191,AM,3,final,FUTA v OAU,Brain Match,Integration,What is the integral of 3 with respect to x?,3x³ + C,3x² + C,3x + C,3x + C,Confirmed by the show,,"The integral of a constant k is kx + C. So ∫3 dx = 3x + C, because the derivative of 3x + C is 3. The answer is 3x + C.","Differentiate the options: 3x³ gives 9x² and 3x² gives 6x, so only 3x + C gives back 3.",,Faith (FUTA) missed,https://youtu.be/MmCQhh6aGrE?t=2188
26-fin-bm-2194,AM,3,final,FUTA v OAU,Brain Match,Rates,A car engine runs with a fuel efficiency of 0.25 Litres per kilometre. How much fuel is needed for a 240 km trip?,,,,60L,Confirmed by the show,,Fuel needed = rate × distance = 0.25 L/km × 240 km = 60 L. The trip needs 60 L.,"0.25 is a quarter, and a quarter of 240 is 60.",,Quayum (OAU) right,https://youtu.be/MmCQhh6aGrE?t=2191
26-fin-bm-2199,AM,3,final,FUTA v OAU,Brain Match,Integration,What is the integral of 1/(1 + x²)?,x,ln x,arctan x,arctan x,Confirmed by the show,,"The derivative of arctan x is 1/(1 + x²), so integrating 1/(1 + x²) gives arctan x + C. The answer is arctan x.","This is a standard result. The derivative of x is 1 and of ln x is 1/x, so neither of those options can be it.",,Quayum (OAU) right,https://youtu.be/MmCQhh6aGrE?t=2196
26-fin-bm-2203,AM,3,final,FUTA v OAU,Brain Match,Mechanics of materials,What is the slope of the stress-strain curve initially?,Young's modulus,Yield point,Creep,Young's modulus,Confirmed by the show,,"In the first, elastic part of the curve, stress is proportional to strain: stress = E × strain. So the initial slope is E, Young's modulus. The yield point is a point on the curve, and creep is slow deformation over time, so neither is a slope. The answer is Young's modulus.","Stress ÷ strain is the definition of Young's modulus, and the straight start of the curve has exactly that slope.",,Quayum (OAU) right,https://youtu.be/MmCQhh6aGrE?t=2200
26-fin-bm-2207,AM,3,final,FUTA v OAU,Brain Match,Heat transfer,What equation governs heat conduction?,Poisson equation,Darcy equation,Fourier equation,Fourier equation,Confirmed by the show,,"Heat conduction is governed by Fourier's law, q = −k dT/dx, which links the heat flow to the temperature gradient. The Darcy equation describes fluid flow through porous material. The answer is the Fourier equation.",Heat conduction goes with Fourier. Darcy belongs to flow through porous material.,,Quayum (OAU) right,https://youtu.be/MmCQhh6aGrE?t=2204
26-fin-bm-2210,AM,3,final,FUTA v OAU,Brain Match,Percentages,"Chen earns $300 per month from his job. If he is given a 15% pay rise, how much extra does he earn each month?",$40,$45,$50,$45,Confirmed by the show,,Extra pay = 15% of $300 = 0.15 × 300 = 45. Chen earns $45 extra each month.,"10% of 300 is 30 and 5% is 15, so 30 + 15 = 45.",,Quayum (OAU) right,https://youtu.be/MmCQhh6aGrE?t=2207
26-fin-bm-2214,AM,3,final,FUTA v OAU,Brain Match,Linear algebra,What does eigenvalue represent in a system?,Natural mode,Force,Heat,Natural mode,Confirmed by the show,,"The eigenvalues of a system's matrix set its natural modes, such as the rates and frequencies at which it naturally decays or oscillates. Force and heat are not what an eigenvalue stands for. The answer is Natural mode.","'Eigen' is German for 'own' or 'characteristic', so eigenvalues describe the system's own natural modes.",,Quayum (OAU) right,https://youtu.be/MmCQhh6aGrE?t=2211
26-fin-bm-2218,AM,3,final,FUTA v OAU,Brain Match,Probability,The probability of rolling an even number on a fair six-sided die is,0.25,0.5,0.75,0.5,Confirmed by the show,,"A fair die has 6 equally likely faces, and 3 of them are even (2, 4, 6). P(even) = 3/6 = 0.5. The probability is 0.5.","Half the faces are even, so the answer is 0.5.",,Quayum (OAU) right,https://youtu.be/MmCQhh6aGrE?t=2215
26-fin-bm-2222,AM,3,final,FUTA v OAU,Brain Match,Simple harmonic motion,"For simple harmonic motion, acceleration is proportional to",Frequency,Velocity,Displacement,Displacement,Confirmed by the show,,"In simple harmonic motion a = −ω²x, where x is the displacement. So the acceleration is proportional to the displacement and points the opposite way. The answer is Displacement.","SHM is defined by a = −ω²x, so the acceleration follows the displacement.",,Quayum (OAU) right,https://youtu.be/MmCQhh6aGrE?t=2219
26-fin-bm-2228,AM,3,final,FUTA v OAU,Brain Match,Calculus,What does a positive second derivative indicate?,Minima,Max,Zero,Minima,Confirmed by the show,,"A positive second derivative means the curve bends upward like a bowl. At a point where the slope is zero, that makes it a local minimum. The answer is Minima.","A positive second derivative is a smile shape, and the flat point at the bottom of a smile is a minimum.",,Quayum (OAU) right,https://youtu.be/MmCQhh6aGrE?t=2225
26-fin-bm-2232,AM,3,final,FUTA v OAU,Brain Match,Vector calculus,The curl of gradient of any scalar field is,0,1,∞,0,Confirmed by the show,,"A gradient field ∇φ has no rotation, so its curl is the zero vector: ∇ × (∇φ) = 0. This holds for any scalar field with continuous second derivatives. The answer is 0.","The curl of a gradient is always zero, because the mixed second derivatives cancel in pairs.",,Quayum (OAU) right,https://youtu.be/MmCQhh6aGrE?t=2229
26-fin-bm-2236,AM,3,final,FUTA v OAU,Brain Match,Projectiles,The range of a projectile depends on which trigonometric term?,cos2θ,sin2θ,tan2θ,sin2θ,Confirmed by the show,,"For a launch and landing at the same level, the range is R = u² sin 2θ ÷ g. So the range depends on the term sin 2θ. The answer is sin 2θ.","Range is greatest at 45°, where 2θ = 90° and sin 2θ = 1. That points to sin 2θ.",,Quayum (OAU) missed,https://youtu.be/MmCQhh6aGrE?t=2233
26-fin-bm-2239,AM,3,final,FUTA v OAU,Brain Match,Control systems,What is the stability condition for Nyquist?,det = 0,Poles > zeros,Encirclements rule,Encirclements rule,Confirmed by the show,,The Nyquist criterion judges stability by counting how many times the Nyquist plot encircles the −1 point. That count is compared with the number of open loop poles in the right half plane. The answer is the Encirclements rule.,Nyquist means counting loops around −1. The other two options are not that test.,,Faith (FUTA) missed,https://youtu.be/MmCQhh6aGrE?t=2236
26-fin-bm-2245,AM,3,final,FUTA v OAU,Brain Match,Work rate,"Pipe A fills in 12 hours, Pipe B in 8 hours. Time to fill the tank together is",4.8 hours,2 hours,9.6 hours,4.8 hours,Confirmed by the show,,"Fill rates add. Pipe A fills 1/12 of the tank per hour and Pipe B fills 1/8, so together 1/12 + 1/8 = 2/24 + 3/24 = 5/24 per hour. Time = 24 ÷ 5 = 4.8 hours.","For two pipes use product ÷ sum: (12 × 8) ÷ (12 + 8) = 96 ÷ 20 = 4.8. The answer must also lie between 4 (half of the faster pipe's 8 hours) and 8 hours, which rules out the other two options.",,Quayum (OAU) right,https://youtu.be/MmCQhh6aGrE?t=2242
26-fin-bm-2250,AM,3,final,FUTA v OAU,Brain Match,Signals and systems,What is the impulse response of a linear time-invariant system?,y(t),g(t),h(t),h(t),Confirmed by the show,,"The impulse response is the output of an LTI system when the input is a unit impulse δ(t). It is written h(t), and the output for any input x(t) is the convolution of x(t) with h(t). The answer is h(t).","y(t) is the output signal, not the response to an impulse. In signals and systems the impulse response is written h(t).",,Quayum (OAU) right,https://youtu.be/MmCQhh6aGrE?t=2247
26-fin-bm-2253,AM,3,final,FUTA v OAU,Brain Match,Kinematics,The position of a cyclist is given by s(t) = 3t² + 4t. How far has the cyclist travelled after 3 seconds?,25m,39m,48m,39m,Confirmed by the show,,"s(3) = 3 × 3² + 4 × 3 = 27 + 12 = 39. The cyclist starts at s(0) = 0 and never goes backwards, because the speed 6t + 4 stays positive. So the distance is 39 m.","3 × 9 = 27 and 4 × 3 = 12, so 27 + 12 = 39.",,Quayum (OAU) right,https://youtu.be/MmCQhh6aGrE?t=2250
26-fin-bm-2260,AM,3,final,FUTA v OAU,Brain Match,Capacitors,What is the energy stored in a 2 Farad capacitor at 3 Volts?,12J,6J,9J,9J,Confirmed by the show,,Energy stored = ½ C V² = ½ × 2 × 3² = ½ × 2 × 9 = 9. The energy is 9 J.,"The ½ cancels the 2 F, leaving V² = 9.",,Quayum (OAU) right,https://youtu.be/MmCQhh6aGrE?t=2257
26-fin-bm-2265,AM,3,final,FUTA v OAU,Brain Match,Area scaling,"If a 12-inch pizza is cut into 8 slices, how many slices would a 24-inch pizza of the same thickness have?",16 slices,32 slices,42 slices,32 slices,Confirmed by the show,,"Pizza area grows with the square of the diameter. The diameter doubles from 12 to 24, so the area is 2² = 4 times as big. With slices of the same size, that is 4 × 8 = 32 slices.","Twice as wide means four times the area, so 4 × 8 = 32.",,,https://youtu.be/MmCQhh6aGrE?t=2262
26-sf1-qb-1295,AM,3,sf,FUTA v UNN,Quick Buzz,Ratio,"Lucy and Joy share an inheritance of $4,500 in a ratio 5:4. How much does Joy get?","$2,500","$2,200","$2,000","$2,000",Confirmed by the show,,"Joy has 4 of the 9 parts. One part is 4,500 ÷ 9 = 500, so Joy gets 4 × 500 = $2,000.","One part is 4,500 ÷ 9 = 500, so Joy's 4 parts are 2,000. Lucy's 5 parts would be $2,500, which is the trap option.",,Godswil (UNN) right,https://youtu.be/_LA5sTVsQQU?t=1292
26-sf1-qb-1299,AM,3,sf,FUTA v UNN,Quick Buzz,Ratio,"A man divides $360,000 in ratio 4:3:3 among his daughter and two sons. How much does the daughter receive?","$130,000","$140,000","$144,000","$144,000",Confirmed by the show,,"The ratio 4:3:3 has 4 + 3 + 3 = 10 parts. One part is 360,000 ÷ 10 = 36,000, so the daughter's 4 parts come to 4 × 36,000 = $144,000.","The parts add up to 10, so one part is 36,000 (drop a zero). Four parts is 144,000. Neither $130,000 nor $140,000 is a whole number of 36,000s, so only $144,000 can be a share.",,,https://youtu.be/_LA5sTVsQQU?t=1296
26-sf1-qb-1318,AM,3,sf,FUTA v UNN,Quick Buzz,Percentages,"If the specimen increases from 1.2mm to 3.0mm, find the % magnification.",,,,150%,Confirmed by the show,,Read this as the percentage increase in size: (new − old) ÷ old × 100. That is (3.0 − 1.2) ÷ 1.2 × 100 = 1.8 ÷ 1.2 × 100 = 150%.,"Scale both sizes by 10 to get 12 and 30. The rise is 18, and 18 ÷ 12 = 1.5, so 150%. Do not give the size ratio of 2.5 times (250%).",,Faith (FUTA) wrong,https://youtu.be/_LA5sTVsQQU?t=1315
26-sf1-qb-1330,AM,3,sf,FUTA v UNN,Quick Buzz,Volume,What is the volume of an Egyptian pyramid with a length of 20 m and a vertical height of 50 m?,,,,"6,667 m³ (20,000/3)",Show's answer looks wrong,"20,000 m³","Volume of a pyramid = ⅓ × base area × height. Taking the base as a square of side 20 m, V = ⅓ × 20 × 20 × 50 = 20,000 ÷ 3 ≈ 6,667 m³.","20 × 20 × 50 = 20,000 is the volume of the matching box. A pyramid is a third of its box, so 20,000 ÷ 3 ≈ 6,667.","A pyramid's volume is one third of base area × height: ⅓ × 20 × 20 × 50 ≈ 6,667 m³. The show's 20,000 m³ leaves out the one third.",nobody answered,https://youtu.be/_LA5sTVsQQU?t=1327
26-sf1-qb-1341,AM,3,sf,FUTA v UNN,Quick Buzz,Algebra,The sum of three consecutive odd integers is 45. Find the smallest integer.,,,,13,Confirmed by the show,,"Three consecutive odd integers are n, n + 2 and n + 4, so their sum is 3n + 6 = 45. That gives 3n = 39 and n = 13. The smallest integer is 13.","The middle number is the average: 45 ÷ 3 = 15. The odd neighbours are 13 and 17, so the smallest is 13.",,Solomon (UNN) wrong,https://youtu.be/_LA5sTVsQQU?t=1338
26-sf1-qb-1345,AM,3,sf,FUTA v UNN,Quick Buzz,Quadratics,The profit function f(x) = 2x² + 4x − 5 models earnings. What is the minimum achievable profit?,,,,−7,Show's answer looks wrong,−9,"For f(x) = ax² + bx + c with a > 0, the minimum is at x = −b ÷ 2a = −4 ÷ 4 = −1. Then f(−1) = 2(1) + 4(−1) − 5 = 2 − 4 − 5 = −7. So the minimum profit is −7.","Use minimum = c − b² ÷ 4a = −5 − 16 ÷ 8 = −5 − 2 = −7. Or write it as 2(x + 1)² − 7, whose smallest value is −7.","The minimum is at x = −1, where f(−1) = 2 − 4 − 5 = −7. None of the options is right; the show's −9 looks like a slip.",nobody answered,https://youtu.be/_LA5sTVsQQU?t=1342
26-sf1-qb-1359,AM,3,sf,FUTA v UNN,Quick Buzz,Power,Find the power used if 100 J of work is done in 5 s.,,,,20W,Confirmed by the show,,Power = work ÷ time = 100 J ÷ 5 s = 20 W.,Just divide: 100 ÷ 5 = 20. Joules per second is watts.,,Emma (UNN) wrong,https://youtu.be/_LA5sTVsQQU?t=1356
26-sf1-qb-1368,AM,3,sf,FUTA v UNN,Quick Buzz,Permutations,"If 8 combination 3 = 56, what is 8 permutation 3?",336,196,402,336,Confirmed by the show,,Permutations are combinations times the ways to order the chosen items: 8P3 = 8C3 × 3! = 56 × 6 = 336.,Skip the 56 and multiply the top three numbers: 8 × 7 × 6 = 336.,,Emma (UNN) right,https://youtu.be/_LA5sTVsQQU?t=1365
26-sf1-qb-1385,AM,3,sf,FUTA v UNN,Quick Buzz,Rates,"A tank holds 20,000L and drains at 300 L/min. How long until 25% remains?",20 minutes,15 minutes,50 minutes,50 minutes,Confirmed by the show,,"25% remaining means 75% has drained, which is 0.75 × 20,000 = 15,000 L. Time = volume ÷ rate = 15,000 ÷ 300 = 50 minutes.","Three quarters of 20,000 is 15,000, and 15,000 ÷ 300 = 150 ÷ 3 = 50. Check the options: 20 minutes drains only 6,000 L and 15 minutes only 4,500 L.",,Faith (FUTA) right,https://youtu.be/_LA5sTVsQQU?t=1382
26-sf1-qb-1416,AM,3,sf,FUTA v UNN,Quick Buzz,Calculus,"Given f(x) = 2x² + 3, what is the second derivative of f(x)?",,,,4,Confirmed by the show,,Differentiate once: f'(x) = 4x. Differentiate again: f''(x) = 4. The second derivative is 4.,"For ax² + bx + c the second derivative is just 2a. Here a = 2, so the answer is 4.",,Emma (UNN) wrong,https://youtu.be/_LA5sTVsQQU?t=1413
26-sf1-qb-1421,AM,3,sf,FUTA v UNN,Quick Buzz,Optimisation,A tech firm's smartphone revenue is R(x) = 300x − 15x². Calculate optimal production.,,,,10 units,Confirmed by the show,,"Revenue peaks where R'(x) = 300 − 30x = 0, so x = 10. R''(x) = −30 is negative, so this is a maximum. The optimal production is 10 units.","R = 15x(20 − x) is zero at x = 0 and x = 20, and the peak sits halfway between them: x = 10.",,,https://youtu.be/_LA5sTVsQQU?t=1418
26-sf1-qb-1434,AM,3,sf,FUTA v UNN,Quick Buzz,Pythagoras,A 20ft ladder leans against a wall. Its base is 16ft from the wall. How high does the ladder reach on the wall?,,,,12ft,Confirmed by the show,,"The ladder is the hypotenuse, so height² = 20² − 16² = 400 − 256 = 144. Height = √144 = 12 ft.","16 and 20 are 4 × 4 and 4 × 5, so this is a 3, 4, 5 triangle scaled by 4. The missing side is 4 × 3 = 12.",,Akinola (FUTA) wrong,https://youtu.be/_LA5sTVsQQU?t=1431
26-sf1-qb-1443,AM,3,sf,FUTA v UNN,Quick Buzz,3D geometry,"A cuboid has sides 8m, 9m, and 12m. Find its body diagonal.",,,,17m,Confirmed by the show,,Body diagonal = √(l² + w² + h²) = √(8² + 9² + 12²) = √(64 + 81 + 144) = √289 = 17 m.,"Add the squares: 64 + 81 = 145, and 145 + 144 = 289. Recall that 17² = 289, so the diagonal is 17 m.",,Akinola (FUTA) right,https://youtu.be/_LA5sTVsQQU?t=1440
26-sf1-qb-1446,AM,3,sf,FUTA v UNN,Quick Buzz,Work,A 5kg object is lifted 2m vertically. How much work is done?,200 J,98 J,100 J,98 J,Confirmed by the show,,"Work done = force × distance = mgh. Using g = 9.8 m/s², W = 5 × 9.8 × 2 = 98 J.","5 × 2 = 10, so the work is 10 × g = 10 × 9.8 = 98 J. Just move the decimal point. If a question says g = 10, the same route gives 100 J.","The question does not give g. With g = 9.8 m/s² the work is 98 J (the show's answer), but with g = 10 m/s² it is 100 J, and both values appear among the options. The show used g = 9.8 m/s²; with g = 10 the work would be 100 J, which is also an option.",Emma (UNN) right,https://youtu.be/_LA5sTVsQQU?t=1443
26-sf1-qb-1449,AM,3,sf,FUTA v UNN,Quick Buzz,Geometry,"In a 5-dimensional hypercube, how many 3-dimensional cubes form its boundary?",10,40,160,40,Confirmed by the show,,"A 3D cube inside a 5D cube is fixed by choosing which 3 of the 5 directions it spans, then setting the other 2 coordinates to 0 or 1. That gives 5C3 × 2² = 10 × 4 = 40 cubes.","Pick the 3 free directions (5C3 = 10 ways), then fix each of the other 2 coordinates at 0 or 1 (2 × 2 = 4 ways). 10 × 4 = 40. The option 10 is the count of 4D pieces instead.",,Akinola (FUTA) wrong,https://youtu.be/_LA5sTVsQQU?t=1446
26-sf1-qb-1460,AM,3,sf,FUTA v UNN,Quick Buzz,Pythagoras,A rectangle has a diagonal of 50m and one side of 30m. Find the other side.,20 meters,40 meters,30 meters,40 meters,Confirmed by the show,,"The diagonal is the hypotenuse, so the other side² = 50² − 30² = 2,500 − 900 = 1,600. The other side is √1,600 = 40 m.","30 and 50 are 3 × 10 and 5 × 10, a 3, 4, 5 triangle scaled by 10. The missing side is 4 × 10 = 40 m.",,Akinola (FUTA) right,https://youtu.be/_LA5sTVsQQU?t=1457
26-sf1-qb-1464,AM,3,sf,FUTA v UNN,Quick Buzz,Optimisation,The bakery's bread revenue is R(x) = 360x − 9x². Find best loaves to bake.,,,,20 loaves,Confirmed by the show,,"Revenue peaks where R'(x) = 360 − 18x = 0, so x = 20. R''(x) = −18 is negative, so this is a maximum. The best number to bake is 20 loaves.","R = 9x(40 − x) is zero at x = 0 and x = 40, and the peak sits halfway between them: x = 20.",,Godswil (UNN) wrong,https://youtu.be/_LA5sTVsQQU?t=1461
26-sf1-qb-1468,AM,3,sf,FUTA v UNN,Quick Buzz,Half-life,A drug decays exponentially with half-life 8 hrs. What % remains after 24 hrs?,14.5%,12.5%,18.5%,12.5%,Confirmed by the show,,"24 hours is 24 ÷ 8 = 3 half-lives. The fraction left is (1/2)³ = 1/8 = 0.125, which is 12.5%.","Halve three times, starting from 100%: 50%, 25%, 12.5%.",,Akinola (FUTA) right,https://youtu.be/_LA5sTVsQQU?t=1465
26-sf1-qb-1483,AM,3,sf,FUTA v UNN,Quick Buzz,Exponential growth,A bacteria culture triples every 4 hours. How many times will it grow in 24 hours?,3 times,12 times,6 times,6 times,Confirmed by the show,,"The culture triples once every 4 hours, so in 24 hours there are 24 ÷ 4 = 6 tripling periods. The final size would be 3⁶ = 729 times the start, but the question counts the triplings, so the answer is 6 times.",24 ÷ 4 = 6. Read the question as how many times it triples.,"How many times will it grow is ambiguous. The options only fit the number of tripling periods (6), but the actual growth factor is 3⁶ = 729, which is not offered. It triples 6 times (24 ÷ 4), so the culture ends up 3⁶ = 729 times its starting size.",Godswil (UNN) wrong,https://youtu.be/_LA5sTVsQQU?t=1480
26-sf1-qb-1492,AM,3,sf,FUTA v UNN,Quick Buzz,Errors,"If side x of a cube has 2% error, what is the percentage error in its volume?",8%,24%,6%,6%,Confirmed by the show,,"V = x³, so a small percentage error in x is multiplied by 3 in V. That gives 3 × 2% = 6%, a close approximation (1.02³ = 1.0612 exactly). The error in the volume is about 6%.","The power on x is 3, so triple the percentage: 2% becomes 6%.",,Akinola (FUTA) right,https://youtu.be/_LA5sTVsQQU?t=1489
26-sf1-qb-1495,AM,3,sf,FUTA v UNN,Quick Buzz,Circles,A circular track has radius 45 m. What distance does an athlete cover in 3 laps?,540π m,270π m,150π m,270π m,Confirmed by the show,,One lap is the circumference 2πr = 2 × π × 45 = 90π m. Three laps cover 3 × 90π = 270π m.,"Circumference is 2 × 45 = 90, times π. Three laps is 3 × 90 = 270, so 270π. The 540π option is twice that.",,Solomon (UNN) right,https://youtu.be/_LA5sTVsQQU?t=1492
26-sf1-qb-1505,AM,3,sf,FUTA v UNN,Quick Buzz,Ratio,"Lucy and Joy share $4,500 in ratio 5:4. Lucy gives half her share to Joy. How much does Lucy have now?","$2,560","$2,250","$1,250","$1,250",Confirmed by the show,,"Lucy's share is 5/9 × 4,500 = $2,500. She gives half of it away, which is $1,250, so she keeps 2,500 − 1,250 = $1,250.","One part is 4,500 ÷ 9 = 500. Lucy has 5 parts and gives away half of them, so she keeps 2.5 parts: 2.5 × 500 = 1,250.",,Godswil (UNN) wrong,https://youtu.be/_LA5sTVsQQU?t=1502
26-sf1-qb-1516,AM,3,sf,FUTA v UNN,Quick Buzz,Rates,A pendulum swings with period 1.5s. How many swings in 6 minutes?,,,,240 swings,Confirmed by the show,,"6 minutes = 6 × 60 = 360 s. One full swing takes 1.5 s, so the number of swings is 360 ÷ 1.5 = 240.",Double both numbers to avoid the decimal: 360 ÷ 1.5 = 720 ÷ 3 = 240.,,Solomon (UNN) wrong,https://youtu.be/_LA5sTVsQQU?t=1513
26-sf1-qb-1522,AM,3,sf,FUTA v UNN,Quick Buzz,Scale,"A map scale is 1:25,000. If two towns are 8cm apart on the map, what is the actual distance in km?",0.5km,2km,4km,2km,Confirmed by the show,,"Actual distance = map distance × scale factor = 8 cm × 25,000 = 200,000 cm. Since 100,000 cm = 1 km, that is 2 km.","At 1:25,000, 4 cm on the map is 1 km (4 × 25,000 = 100,000 cm). So 8 cm is 2 km.",,Solomon (UNN) right,https://youtu.be/_LA5sTVsQQU?t=1519
26-sf1-qb-1543,AM,3,sf,FUTA v UNN,Quick Buzz,Combinations,A committee of 3 must be formed from 6 engineers and 5 architects. How many ways can this be done?,140 ways,165 ways,246 ways,165 ways,Confirmed by the show,,Only the total number of people matters: 6 + 5 = 11. The number of committees is 11C3 = (11 × 10 × 9) ÷ (3 × 2 × 1) = 990 ÷ 6 = 165.,"Multiply 11 × 10 × 9 = 990, then divide by 6 to get 165.",,Godswil (UNN) right,https://youtu.be/_LA5sTVsQQU?t=1540
26-sf1-qb-1570,AM,3,sf,FUTA v UNN,Quick Buzz,Trigonometry,The angle of elevation from 30m away to a tower's top is 45°. What is the tower's height?,,,,30 meters,Confirmed by the show,,"tan(angle of elevation) = height ÷ distance, so height = 30 × tan 45° = 30 × 1 = 30 m.","tan 45° = 1, so the height equals the distance: 30 m.",,Solomon (UNN) right,https://youtu.be/_LA5sTVsQQU?t=1567
26-sf1-qb-1573,AM,3,sf,FUTA v UNN,Quick Buzz,Scale,"A model car is 1:18 scale. If the real car is 4.5m long, how long is the model?",15cm,30 cm,25cm,25cm,Confirmed by the show,,Model length = real length ÷ 18 = 4.5 m ÷ 18 = 0.25 m = 25 cm.,"4.5 m is 450 cm, and 450 ÷ 18 = 25 because 18 × 25 = 450.",,Emma (UNN) wrong,https://youtu.be/_LA5sTVsQQU?t=1570
26-sf1-qb-1579,AM,3,sf,FUTA v UNN,Quick Buzz,Calculus,The derivative of f(x) = cos 3x is ___,,,,−3 sin 3x,Confirmed by the show,,"Use the chain rule: d/dx (cos u) = −sin u × du/dx. With u = 3x, du/dx = 3, so the derivative is −3 sin 3x.","Cos turns into minus sin, the 3x stays inside, and the 3 comes out front: −3 sin 3x. The minus sign is the part people lose.",,Akinola (FUTA) right,https://youtu.be/_LA5sTVsQQU?t=1576
26-sf1-qb-1584,AM,3,sf,FUTA v UNN,Quick Buzz,"Speed, distance, time",A train travels at 72 km/h. How many meters does it cover in 25 seconds?,0.5m,500m,50m,500m,Confirmed by the show,,Convert 72 km/h to m/s by multiplying by 5/18: 72 × 5/18 = 20 m/s. Distance = speed × time = 20 × 25 = 500 m.,"72 ÷ 3.6 = 20 m/s, then 20 × 25 = 500 m.",,nobody answered,https://youtu.be/_LA5sTVsQQU?t=1581
26-sf1-qb-1595,AM,3,sf,FUTA v UNN,Quick Buzz,Sound,An echo returns in 0.8s (speed of sound = 340 m/s). How far is the reflecting surface?,,,,136 meters,Confirmed by the show,,"The sound travels to the surface and back, so the one way time is 0.8 ÷ 2 = 0.4 s. Distance = speed × time = 340 × 0.4 = 136 m.","Halve the time first to get 0.4 s. Then 340 × 0.4 = 136, since 34 × 4 = 136.",,Emma (UNN) right,https://youtu.be/_LA5sTVsQQU?t=1592
26-sf1-qb-1606,AM,3,sf,FUTA v UNN,Quick Buzz,Combinations,Compute the number of 4-member committees with at least 2 girls from 5 girls and 3 boys.,45,55,65,65,Confirmed by the show,,"Total 4 member committees from 8 people: 8C4 = 70. Fewer than 2 girls means exactly 1 girl and 3 boys (0 girls would need 4 boys, but there are only 3): 5C1 × 3C3 = 5. So at least 2 girls: 70 − 5 = 65.","Use the complement. 8C4 = 70, and the only bad committee has 1 girl and all 3 boys, which can be picked in 5 ways. 70 − 5 = 65.",,nobody answered,https://youtu.be/_LA5sTVsQQU?t=1603
26-sf1-qb-1623,AM,3,sf,FUTA v UNN,Quick Buzz,Chemistry calculations,"If a reaction yields 36g NaCl from 20g reactants but the theoretical is 40g, what is the percentage yield?",70%,90%,50%,90%,Confirmed by the show,,The 20 g of reactants is not needed. Percentage yield = actual ÷ theoretical × 100 = 36 ÷ 40 × 100 = 90%.,"36 is 4 less than 40, and 4 is 10% of 40, so the yield is 90%.",,Akinola (FUTA) wrong,https://youtu.be/_LA5sTVsQQU?t=1620
26-sf1-qb-1631,AM,3,sf,FUTA v UNN,Quick Buzz,Kinematics,A car's distance is s(t) = 3t² − 6t. Find distance at t = 4.,,,,24 meters,Confirmed by the show,,Substitute t = 4 into s(t) = 3t² − 6t. Then s(4) = 3 × 16 − 6 × 4 = 48 − 24 = 24 m.,Factorise: s = 3t(t − 2). At t = 4 that is 3 × 4 × 2 = 24.,,Solomon (UNN) wrong,https://youtu.be/_LA5sTVsQQU?t=1628
26-sf1-qb-1640,AM,3,sf,FUTA v UNN,Quick Buzz,Dilution,What is the final molarity if 200mL of 0.4M NaOH is mixed with 300mL of water?,,,,0.16 M,Confirmed by the show,,"The moles of NaOH stay the same: 0.4 M × 0.200 L = 0.08 mol. The new volume is 200 + 300 = 500 mL = 0.5 L, so the molarity is 0.08 ÷ 0.5 = 0.16 M.","The volume goes from 200 to 500 mL, so the concentration is multiplied by 2/5. Then 0.4 × 2/5 = 0.16.",,Solomon (UNN) wrong,https://youtu.be/_LA5sTVsQQU?t=1637
26-sf1-qb-1649,AM,3,sf,FUTA v UNN,Quick Buzz,Integration,The marginal revenue function is MR(x) = 100 - 2x. What is the total revenue from x = 0 to x = 4?,286,198,384,384,Confirmed by the show,,Total revenue is the integral of MR. ∫ from 0 to 4 of (100 − 2x) dx = [100x − x²] from 0 to 4 = (400 − 16) − 0 = 384.,"MR is a straight line from 100 down to 92, so its average is 96. Then 96 × 4 = 384.",,nobody answered,https://youtu.be/_LA5sTVsQQU?t=1646
26-sf1-qb-1664,AM,3,sf,FUTA v UNN,Quick Buzz,Stoichiometry,"If 3 moles of H₂ react with 1.5 moles of O₂ to form water, how many grams of H₂O are produced?",54g,18g,36g,54g,Confirmed by the show,,"The reaction is 2H₂ + O₂ → 2H₂O. 3 mol H₂ needs 1.5 mol O₂, so both are used up and 3 mol of water forms. Mass = 3 mol × 18 g/mol = 54 g.","In 2H₂ + O₂ → 2H₂O, moles of water equal moles of H₂, and 3 mol of H₂ needs exactly 1.5 mol of O₂. So 3 × 18 = 54 g.",,,https://youtu.be/_LA5sTVsQQU?t=1661
26-sf1-qb-1679,AM,3,sf,FUTA v UNN,Quick Buzz,Volume,A military underground bunker measures 20 cm by 15 cm by 10 cm. What is its volume in cubic centimetres?,,,,"3,000 cm³",Confirmed by the show,,"Volume of a cuboid = length × width × height = 20 × 15 × 10 = 3,000 cm³.","20 × 15 = 300, then times 10 gives 3,000.",,Emma (UNN) wrong,https://youtu.be/_LA5sTVsQQU?t=1676
26-sf1-qb-1716,AM,3,sf,FUTA v UNN,Quick Buzz,Scale,A corridor shown as 8cm on a floor plan uses a 1:100 scale. What is the real-world length?,10m,8m,20m,8m,Confirmed by the show,,Real length = plan length × 100 = 8 cm × 100 = 800 cm = 8 m.,"At 1:100, 1 cm stands for 1 m. So 8 cm is 8 m.",,Faith (FUTA) right,https://youtu.be/_LA5sTVsQQU?t=1713
26-sf1-qb-1719,AM,3,sf,FUTA v UNN,Quick Buzz,Density,A beam has a mass of 40kg and a volume of 0.05m³. Find its density.,,,,800 kg/m³,Confirmed by the show,,Density = mass ÷ volume = 40 ÷ 0.05 = 800 kg/m³.,"Dividing by 0.05 is the same as multiplying by 20, so 40 × 20 = 800.",,Emma (UNN) wrong,https://youtu.be/_LA5sTVsQQU?t=1716
26-sf1-qb-1733,AM,3,sf,FUTA v UNN,Quick Buzz,Optics,A microscope has an objective magnification of 40x and an eyepiece of 10x. What is the total magnification?,,,,400x,Confirmed by the show,,Total magnification = objective × eyepiece = 40 × 10 = 400x.,"Multiplying by 10 just adds a zero, so 40 becomes 400.",,Faith (FUTA) right,https://youtu.be/_LA5sTVsQQU?t=1730
26-sf1-qb-1758,AM,3,sf,FUTA v UNN,Quick Buzz,Half-life,A substance has a half-life of 5 days. What fraction remains after 15 days?,1/3,1/4,1/8,1/8,Confirmed by the show,,15 days ÷ 5 days = 3 half-lives. The fraction left is (1/2)³ = 1/8.,"Halve three times: 1, then 1/2, then 1/4, then 1/8.",,Emma (UNN) right,https://youtu.be/_LA5sTVsQQU?t=1755
26-sf1-qb-1763,AM,3,sf,FUTA v UNN,Quick Buzz,Pythagoras,"Leaning against a building, a 13ft ladder reaches 12ft up the wall. How far is the ladder's base from the building?",,,,5 feet,Confirmed by the show,,"The ladder is the hypotenuse, so base² = 13² − 12² = 169 − 144 = 25. The base is √25 = 5 ft from the building.","5, 12, 13 is a well known right triangle, so the missing side is 5 ft.",,Emma (UNN) right,https://youtu.be/_LA5sTVsQQU?t=1760
26-sf1-qb-1767,AM,3,sf,FUTA v UNN,Quick Buzz,Calculus,Find the inflection point of f(x) = x³ − 6x².,"(2, −16)","(4, −32)","(1, −8)","(2, −16)",Confirmed by the show,,"An inflection point is where the second derivative changes sign, so set it equal to 0. The first derivative is 3x² − 12x and the second is 6x − 12, which is 0 when x = 2. Then f(2) = 2³ − 6 × 2² = 8 − 24 = −16. The inflection point is (2, −16).","For a cubic ax³ + bx² + cx + d, the inflection is at x = −b ÷ (3a) = 6 ÷ 3 = 2. Only one option has x = 2, so you can stop there.",,nobody answered,https://youtu.be/_LA5sTVsQQU?t=1764
26-sf1-qb-1781,AM,3,sf,FUTA v UNN,Quick Buzz,Half-life,A radioactive sample reduces to 1/8 its mass in 48 hours. What is the half-life duration?,8 hours,16 hours,12 hours,16 hours,Confirmed by the show,,"After n half-lives the mass left is (1/2)ⁿ of the original. 1/8 = (1/2)³, so 3 half-lives passed in 48 hours. One half-life is 48 ÷ 3 = 16 hours.",1/8 means halving three times (2 × 2 × 2 = 8). Split 48 hours into 3 equal parts: 16.,,Matthew (FUTA) right,https://youtu.be/_LA5sTVsQQU?t=1778
26-sf1-qb-1795,AM,3,sf,FUTA v UNN,Quick Buzz,Scale,"A machine scales designs by a ratio of 1:12. If a part is 0.5m on the model, what is it in reality?",,,,6m,Confirmed by the show,,A ratio of 1:12 means the real size is 12 times the model size. The real part is 0.5 × 12 = 6 m. So the answer is 6 m.,Half of 12 is 6.,,Faith (FUTA) right,https://youtu.be/_LA5sTVsQQU?t=1792
26-sf1-qb-1805,AM,3,sf,FUTA v UNN,Quick Buzz,Vectors,"A ship sails 15km east, then 20km north. What is the displacement of the ship?",,,,25km,Confirmed by the show,,"East and north are at right angles, so the displacement is the hypotenuse. d = √(15² + 20²) = √(225 + 400) = √625 = 25 km. The displacement is 25 km.","15 and 20 are 5 × 3 and 5 × 4, so this is the 3, 4, 5 triangle times 5. The hypotenuse is 5 × 5 = 25.",,Faith (FUTA) wrong,https://youtu.be/_LA5sTVsQQU?t=1802
26-sf1-qb-1819,AM,3,sf,FUTA v UNN,Quick Buzz,Scaling,"A 1:50 scale bridge model withstands 200N. If strength scales with area, what force can the real bridge resist?","5,000N","500,000N","50,000N","500,000N",Confirmed by the show,,"Strength scales with area, and area scales with the square of the length ratio. The area factor is 50² = 2,500. So the real bridge can resist 200 × 2,500 = 500,000 N.","Length 50 times bigger means area 50 × 50 = 2,500 times bigger. For 200 × 2,500, do 2 × 25 = 50 and add four zeros: 500,000. The other options are only 25 and 250 times bigger.",,Solomon (UNN) wrong,https://youtu.be/_LA5sTVsQQU?t=1816
26-sf1-qb-1824,AM,3,sf,FUTA v UNN,Quick Buzz,Geometry,"In a square field with 40m sides, find the angle formed between the diagonal and one of the sides.",25°,45°,90°,45°,Confirmed by the show,,"In a square, the diagonal splits the 90° corner into two equal angles. As a check, tan θ = 40 ÷ 40 = 1, so θ = 45°. The angle is 45°.","The diagonal cuts the right angle in half, so 90° ÷ 2 = 45°. The 40 m does not matter.",,Akinola (FUTA) wrong,https://youtu.be/_LA5sTVsQQU?t=1821
26-sf1-bm-2450,AM,3,sf,FUTA v UNN,Brain Match,Linear algebra,The eigenvalues of a matrix are 5 and -1. What is its determinant?,,,,−5,Confirmed by the show,,The determinant of a matrix equals the product of its eigenvalues. So det = 5 × (−1) = −5. The determinant is −5.,Determinant is the product of the eigenvalues (the sum would be the trace). 5 × −1 = −5.,,,https://youtu.be/_LA5sTVsQQU?t=2447
26-sf1-bm-2455,AM,3,sf,FUTA v UNN,Brain Match,Trigonometry,"From an 80m tower, the angle of depression to a car is 45°. How far is the car?",,,,80m,Confirmed by the show,,"Take the distance along the ground from the foot of the tower, since the question does not say. The angle of depression at the top equals the angle of elevation from the car, so tan 45° = 80 ÷ d. As tan 45° = 1, d = 80 m. The car is 80 m away.","At 45° the two shorter sides of the right triangle are equal, so the distance equals the height: 80.","The question does not say what the distance is measured from. Along the ground from the foot of the tower it is 80 m, which is the show's answer, but from the top of the tower along the line of sight it would be 80√2 ≈ 113 m.",(FUTA) right,https://youtu.be/_LA5sTVsQQU?t=2452
26-sf1-bm-2459,AM,3,sf,FUTA v UNN,Brain Match,Errors,The relative error for a measurement of 400 ± 0.5 cm is:,12.5%,0.125%,1.25%,0.125%,Confirmed by the show,,Relative error = absolute error ÷ measured value = 0.5 ÷ 400 = 0.00125. As a percentage that is 0.00125 × 100 = 0.125%. The relative error is 0.125%.,"1% of 400 is 4, and 0.5 is one eighth of 4, so the error is one eighth of 1%, which is 0.125%. It must be under 1%, which rules out 12.5% and 1.25%.",,(FUTA) right,https://youtu.be/_LA5sTVsQQU?t=2456
26-sf1-bm-2465,AM,3,sf,FUTA v UNN,Brain Match,Units,"The acceleration due to gravity, g, is 10 m/s². What is this value in km/h²?","35,280 km/h²","129,600 km/h²","352,800 km/h²","129,600 km/h²",Confirmed by the show,,"1 m = 1/1,000 km and 1 s = 1/3,600 h. So 1 m/s² = 3,600² ÷ 1,000 = 12,960,000 ÷ 1,000 = 12,960 km/h². Then 10 m/s² = 10 × 12,960 = 129,600 km/h².","36 × 36 = 1,296, so 3,600² ÷ 1,000 = 12,960. Times 10 gives 129,600. The digits must be 1296, and only one option has them.",,(FUTA) missed,https://youtu.be/_LA5sTVsQQU?t=2462
26-sf1-bm-2475,AM,3,sf,FUTA v UNN,Brain Match,Energy,"The power output of an engine is 75 kW. How much energy, in megajoules, does it produce in one hour?",27 MJ,270 MJ,"2,700 MJ",270 MJ,Confirmed by the show,,"Energy = power × time = 75,000 W × 3,600 s = 270,000,000 J. Divide by 1,000,000 to get megajoules. So the energy is 270 MJ.","75 kW for one hour is 75 kWh, and 1 kWh = 3.6 MJ. So 75 × 3.6 = 270 (75 × 3 = 225, plus 75 × 0.6 = 45).",,,https://youtu.be/_LA5sTVsQQU?t=2472
26-sf1-bm-2481,AM,3,sf,FUTA v UNN,Brain Match,Complex numbers,What is the modulus of the complex number z = 11 + 60i?,,,,61,Confirmed by the show,,"The modulus of a + bi is √(a² + b²). So |z| = √(11² + 60²) = √(121 + 3,600) = √3,721 = 61. The modulus is 61.","Know the triple 11, 60, 61. Test it: (11² − 1) ÷ 2 = 120 ÷ 2 = 60, which matches the 60 given. When that matches, the hypotenuse is one more than the longer leg: 61.",,(FUTA) right,https://youtu.be/_LA5sTVsQQU?t=2478
26-sf1-bm-2484,AM,3,sf,FUTA v UNN,Brain Match,Kinematics,The height of a rocket is given by h(t) = −5t² + 100t. When does it hit the ground?,10s,20s,40s,20s,Confirmed by the show,,"The rocket is on the ground when h(t) = 0. −5t² + 100t = −5t(t − 20) = 0, so t = 0 (the launch) or t = 20. It hits the ground at t = 20 s.","For h = −at² + bt, the landing time is b ÷ a. Here 100 ÷ 5 = 20.",,(FUTA) right,https://youtu.be/_LA5sTVsQQU?t=2481
26-sf1-bm-2487,AM,3,sf,FUTA v UNN,Brain Match,Dilution,"A drug solution is diluted from 40 mg/mL to 10 mg/mL. If the final volume is 100 mL, what was the initial volume taken?",30mL,25mL,10mL,25mL,Confirmed by the show,,"The amount of drug does not change when diluting, so C₁V₁ = C₂V₂. 40 × V₁ = 10 × 100, so V₁ = 1,000 ÷ 40 = 25 mL. The initial volume was 25 mL.","The concentration drops by a factor of 4 (40 to 10), so the starting volume is a quarter of the final: 100 ÷ 4 = 25.",,,https://youtu.be/_LA5sTVsQQU?t=2484
26-sf1-bm-2492,AM,3,sf,FUTA v UNN,Brain Match,Calculus,Calculate the derivative of y = 5x³ at x = 1.,15,10,5,15,Confirmed by the show,,"By the power rule, y = 5x³ gives dy/dx = 5 × 3x² = 15x². At x = 1 this is 15 × 1² = 15. The derivative at x = 1 is 15.","At x = 1, every power of x is 1, so the derivative is just coefficient × power: 5 × 3 = 15.",,,https://youtu.be/_LA5sTVsQQU?t=2489
26-sf1-bm-2495,AM,3,sf,FUTA v UNN,Brain Match,Calculus,"If y = 2x² + 4x, find dy/dx when x = 1.",,,,8,Confirmed by the show,,"Differentiate term by term: 2x² gives 4x and 4x gives 4, so dy/dx = 4x + 4. At x = 1 that is 4 + 4 = 8. So dy/dx = 8.","At x = 1, each term gives coefficient × power: 2 × 2 = 4 and 4 × 1 = 4. Add them to get 8.",,(FUTA) right,https://youtu.be/_LA5sTVsQQU?t=2492
26-sf1-bm-2500,AM,3,sf,FUTA v UNN,Brain Match,Binomial probability,"If the probability of passing an exam is 0.7, what is the probability that exactly 3 students pass out of 4?",0.34,0.41,0.65,0.41,Confirmed by the show,,"This is a binomial with n = 4, p = 0.7 and 3 successes. P = C(4, 3) × 0.7³ × 0.3 = 4 × 0.343 × 0.3 = 0.4116. The probability is about 0.41.","Do 4 × 0.3 = 1.2 first, and 0.7³ = 0.49 × 0.7 = 0.343. Then 0.343 × 1.2 = 0.4116, so about 0.41.",,(FUTA) missed,https://youtu.be/_LA5sTVsQQU?t=2497
26-sf1-bm-2505,AM,3,sf,FUTA v UNN,Brain Match,Half-life,Initial activity 320 mCi — 40 mCi after 18 hours. What is the half-life of the radioactive drug?,5 hours,6 hours,4 hours,6 hours,Confirmed by the show,,From 320 mCi to 40 mCi is a drop by a factor of 320 ÷ 40 = 8 = 2³. So 3 half-lives passed in 18 hours. One half-life is 18 ÷ 3 = 6 hours.,"320, 160, 80, 40 is three halvings. Split 18 hours into 3 equal parts: 6.",,(UNN) right,https://youtu.be/_LA5sTVsQQU?t=2502
26-sf1-bm-2509,AM,3,sf,FUTA v UNN,Brain Match,Chemistry calculations,"The theoretical yield of a reaction is 2,400g. If the percentage yield is 70%, what is the actual yield?",,,,"1,680g",Confirmed by the show,,"Percentage yield = actual ÷ theoretical × 100, so actual = 70% of 2,400 = 0.7 × 2,400 = 1,680 g. The actual yield is 1,680 g.","10% of 2,400 is 240, so 70% is 7 × 240 = 1,680.",,(UNN) missed,https://youtu.be/_LA5sTVsQQU?t=2506
26-sf1-bm-2515,AM,3,sf,FUTA v UNN,Brain Match,Calculus,The cost function is C(x) = 2x³ − 4x² + 10. What is the marginal cost at x = 2?,8,12,10,8,Confirmed by the show,,Marginal cost is the derivative of the cost function: dC/dx = 6x² − 8x. At x = 2 that is 6 × 4 − 8 × 2 = 24 − 16 = 8. The marginal cost is 8.,"The constant 10 disappears. Write the derivative as 2x(3x − 4), which at x = 2 is 4 × 2 = 8.",,(FUTA) missed,https://youtu.be/_LA5sTVsQQU?t=2512
26-sf1-bm-2521,AM,3,sf,FUTA v UNN,Brain Match,Numerical methods,"Using the Newton-Raphson method to solve x² − 4 = 0, start with x₀ = 2.5. What is the next approximation?",2.05,2.10,2.25,2.05,Confirmed by the show,,"Newton-Raphson gives x₁ = x₀ − f(x₀) ÷ f′(x₀), with f(x) = x² − 4 and f′(x) = 2x. So x₁ = 2.5 − (6.25 − 4) ÷ 5 = 2.5 − 0.45 = 2.05. The next approximation is 2.05.","For x² − a, Newton's step is the average of x₀ and a ÷ x₀. Here 4 ÷ 2.5 = 1.6, and the average of 2.5 and 1.6 is 2.05.",,(UNN) missed,https://youtu.be/_LA5sTVsQQU?t=2518
26-sf1-bm-2526,AM,3,sf,FUTA v UNN,Brain Match,Calculus,The velocity of a particle is v(t) = t³ − 6t. Find its acceleration at t = 2 s.,18 m/s²,6 m/s²,12 m/s²,6 m/s²,Confirmed by the show,,Acceleration is the derivative of velocity: a = dv/dt = 3t² − 6. At t = 2 that is 3 × 4 − 6 = 12 − 6 = 6. The acceleration is 6 m/s².,"3t² at t = 2 is 12, and the −6t term leaves −6. So 12 − 6 = 6.",,(FUTA) missed,https://youtu.be/_LA5sTVsQQU?t=2523
26-sf1-bm-2532,AM,3,sf,FUTA v UNN,Brain Match,Rates,A chemical reaction proceeds at a rate of 0.05 mol/L/s. The time to produce 2 moles in a 5L container is:,8 seconds,10 seconds,20 seconds,8 seconds,Confirmed by the show,,Rate in the whole container = 0.05 mol/L/s × 5 L = 0.25 mol/s. Time for 2 mol = 2 ÷ 0.25 = 8 s. The time is 8 seconds.,"0.25 mol per second is one mole every 4 seconds, so 2 moles take 8 seconds.",,(UNN) missed,https://youtu.be/_LA5sTVsQQU?t=2529
26-sf1-bm-2536,AM,3,sf,FUTA v UNN,Brain Match,Vectors,A vector has a magnitude of 25 and a direction of 90°. What is its vertical component?,0,25,50,25,Confirmed by the show,,"Vertical component = magnitude × sin θ, with θ measured from the horizontal axis. So it is 25 × sin 90° = 25 × 1 = 25. The vertical component is 25.","90° points straight up, so the whole vector is vertical: 25. The 0 option is the horizontal part, 25 cos 90°.",,(FUTA) right,https://youtu.be/_LA5sTVsQQU?t=2533
26-sf1-bm-2543,AM,3,sf,FUTA v UNN,Brain Match,Pythagoras,"After flying 300km north and then 400km east, what is the straight-line distance from the start?",,,,500km,Confirmed by the show,,"North and east are at right angles, so the distance is the hypotenuse. d = √(300² + 400²) = √(90,000 + 160,000) = √250,000 = 500 km. The distance from the start is 500 km.","300 and 400 are 100 times 3 and 4, so this is the 3, 4, 5 triangle times 100: 500.",,(FUTA) right,https://youtu.be/_LA5sTVsQQU?t=2540
26-sf1-bm-2547,AM,3,sf,FUTA v UNN,Brain Match,Vectors,A vector is given by v = 5i − 12j. What is its magnitude?,,,,13 units,Confirmed by the show,,Magnitude = √(5² + (−12)²) = √(25 + 144) = √169 = 13. The magnitude is 13 units.,"The minus sign does not matter because it gets squared. 5 and 12 make the 5, 12, 13 triangle, so 13.",,(FUTA) right,https://youtu.be/_LA5sTVsQQU?t=2544
26-sf1-bm-2550,AM,3,sf,FUTA v UNN,Brain Match,Trigonometry,The angle of depression from a 50m high cliff to a boat is 30°. How far is the boat from the base of the cliff?,50√3 m,50m,100m,50√3 m,Confirmed by the show,,"The angle of depression from the cliff top equals the angle of elevation from the boat, so tan 30° = 50 ÷ d. So d = 50 ÷ tan 30° = 50 ÷ (1/√3) = 50√3, which is about 86.6 m. The boat is 50√3 m from the base.","tan 30° = 1/√3, so dividing by it just multiplies by √3: 50√3. The boat must be farther than 50 m (that is the 45° case), so the 50 m option is out.",,(FUTA) right,https://youtu.be/_LA5sTVsQQU?t=2547
26-sf1-bm-2554,AM,3,sf,FUTA v UNN,Brain Match,Calculus,Find the time t for the inflexion point in the rate function R(t) = 2t³ − 9t² + 12t + 1.,2.5,1.5,3.5,1.5,Confirmed by the show,,"An inflexion point is where the second derivative changes sign, so set it equal to 0. R′(t) = 6t² − 18t + 12, so R″(t) = 12t − 18. Setting 12t − 18 = 0 gives t = 18 ÷ 12 = 1.5. The inflexion point is at t = 1.5.","For a cubic with terms at³ + bt², the inflexion is at t = −b ÷ (3a) = 9 ÷ 6 = 1.5.",,(FUTA) right,https://youtu.be/_LA5sTVsQQU?t=2551
26-sf1-bm-2558,AM,3,sf,FUTA v UNN,Brain Match,Ratio,"A civil engineer needs to create 4,500kg of concrete with a cement : sand : gravel ratio of 1:4:5. What mass of sand is required?",,,,"1,800kg",Confirmed by the show,,"The ratio 1 : 4 : 5 has 1 + 4 + 5 = 10 parts. Sand is 4 of the 10 parts, so its mass is 4/10 × 4,500 = 1,800 kg. The mass of sand is 1,800 kg.","10 parts means each part is 450 kg. Sand is 4 parts, so 4 × 450 = 1,800.",,(FUTA) missed,https://youtu.be/_LA5sTVsQQU?t=2555
26-sf1-bm-2566,AM,3,sf,FUTA v UNN,Brain Match,Units,"The density of lead is 11,300 kg/m³. Express this in g/cm³.",1.13 g/cm³,11.3 g/cm³,113 g/cm³,11.3 g/cm³,Confirmed by the show,,"1 kg = 1,000 g and 1 m³ = 1,000,000 cm³. So 1 kg/m³ = 1,000 ÷ 1,000,000 = 0.001 g/cm³. Then 11,300 kg/m³ = 11,300 × 0.001 = 11.3 g/cm³.","Going from kg/m³ to g/cm³ always divides by 1,000 (water is 1,000 kg/m³ and 1 g/cm³). 11,300 ÷ 1,000 = 11.3.",,(UNN) right,https://youtu.be/_LA5sTVsQQU?t=2563
26-sf1-bm-2572,AM,3,sf,FUTA v UNN,Brain Match,Numerical methods,"The Newton-Raphson method is used to find a root of x² − 4 = 0. Starting with x₀ = 3, what is the value of x₁?",13/6,11/15,9/11,13/6,Confirmed by the show,,"Newton-Raphson gives x₁ = x₀ − f(x₀) ÷ f′(x₀), with f(x) = x² − 4 and f′(x) = 2x. So x₁ = 3 − (9 − 4) ÷ 6 = 3 − 5/6 = 13/6. The value of x₁ is 13/6.","For x² − a, average x₀ and a ÷ x₀: (3 + 4/3) ÷ 2 = (13/3) ÷ 2 = 13/6. Also x₁ must be between 2 and 3, and only 13/6 is.",,,https://youtu.be/_LA5sTVsQQU?t=2569
26-third-qb-1316,AM,3,third,UNN v UI,Quick Buzz,Simple interest,"₦15,000 invested at 6% simple interest grows to what amount in 4 years?",,,,"₦18,600",Confirmed by the show,,"Simple interest = P × R × T ÷ 100 = 15,000 × 6 × 4 ÷ 100 = ₦3,600. The amount is the principal plus the interest, so 15,000 + 3,600 = ₦18,600.","Four years at 6% adds 24%, so the amount is 124% of 15,000. That is 15,000 + 3,000 (20%) + 600 (4%) = 18,600.",,(UI) wrong,https://youtu.be/w3veN1z8SOM?t=1313
26-third-qb-1365,AM,3,third,UNN v UI,Quick Buzz,Combinations,A pizza shop offers 10 toppings. How many 4-topping pizzas are possible?,,,,210,Confirmed by the show,,"The order of toppings does not matter, so use combinations: 10C4 = (10 × 9 × 8 × 7) ÷ (4 × 3 × 2 × 1) = 5,040 ÷ 24 = 210.","Cancel before multiplying: 8 cancels with 4 × 2, and 9 cancels with 3, which leaves 10 × 3 × 7 = 210.",,Solomon (UNN) wrong,https://youtu.be/w3veN1z8SOM?t=1362
26-third-qb-1589,AM,3,third,UNN v UI,Quick Buzz,Permutations,How many 5 letter words can be formed from ALPHA without repeating letters?,,,,60,Confirmed by the show,,"ALPHA has 5 letters, and the letter A appears twice. Using every letter once, there are 5! = 120 orders, but swapping the two As gives the same word. So divide by 2!: 120 ÷ 2 = 60.","5! ÷ 2! is just 5 × 4 × 3, because the 2 × 1 cancels. That is 60.",,Solomon (UNN) wrong,https://youtu.be/w3veN1z8SOM?t=1586
26-third-qb-1692,AM,3,third,UNN v UI,Quick Buzz,Genetics,"If 64% show the dominant phenotype, find the recessive allele frequency (Hardy-Weinberg).",0.2,0.4,0.6,0.6,Confirmed by the show,,"The dominant phenotype covers p² + 2pq = 0.64, so the recessive phenotype is q² = 1 − 0.64 = 0.36. Check: q = 0.6 gives p = 0.4, and p² + 2pq = 0.16 + 0.48 = 0.64. So the recessive allele frequency is q = √0.36 = 0.6.","Subtract from 100 first: 100 − 64 = 36, so q² = 0.36 and q = 0.6. Beware 0.4, which is the dominant allele p, not q.",,(UI) wrong,https://youtu.be/w3veN1z8SOM?t=1689
26-third-qb-1762,AM,3,third,UNN v UI,Quick Buzz,Permutations,How many distinct permutations can be made from “LEVEL”?,60,90,30,30,Confirmed by the show,,"LEVEL has 5 letters: L twice, E twice and V once. The number of distinct arrangements is 5! ÷ (2! × 2!) = 120 ÷ 4 = 30.","L and E each appear twice, so halve 120 twice: 120 to 60 to 30. Stopping at 60 is the trap.",,(UI) wrong,https://youtu.be/w3veN1z8SOM?t=1759
26-third-qb-1791,AM,3,third,UNN v UI,Quick Buzz,Thermodynamics,"If 200 Joules of heat is added to a system that does 50 Joules of work, what is the internal energy change?",,,,150 J,Confirmed by the show,,"First law of thermodynamics: ΔU = Q − W, where Q is heat added to the system and W is work done by the system. So ΔU = 200 − 50 = 150 J.","200 J goes in as heat and 50 J leaves as work, so 150 J stays inside.",,Solomon (UNN) right,https://youtu.be/w3veN1z8SOM?t=1788
26-third-qb-1813,AM,3,third,UNN v UI,Quick Buzz,Magnification,An object appears as 12 millimetres on an image magnified 60 times. Determine the object's real size.,,,,0.2mm,Confirmed by the show,,"Magnification = image size ÷ real size, so real size = image size ÷ magnification = 12 mm ÷ 60 = 0.2 mm.","12 ÷ 60 is one fifth, which is 0.2. The real object must be smaller than its enlarged image.",,Solomon (UNN) right,https://youtu.be/w3veN1z8SOM?t=1810
26-third-qb-1832,AM,3,third,UNN v UI,Quick Buzz,Dilution,"If you mix 200 millilitres of a 2.5 molar KCl solution with 300 millilitres of water, what is the final molarity of the solution?",,,,1 M,Confirmed by the show,,"Use M₁V₁ = M₂V₂, taking the volumes to add. The final volume is 200 + 300 = 500 mL, so M₂ = 2.5 × 200 ÷ 500 = 1 M.","The 200 mL is 2/5 of the final 500 mL, so the concentration falls to 2/5 of 2.5, which is 1 M.",,Godswil (UNN) right,https://youtu.be/w3veN1z8SOM?t=1829
26-third-qb-1858,AM,3,third,UNN v UI,Quick Buzz,Genetics,"A recessive disorder affects 1 in 2,500 people. What is the carrier frequency?",,,,4%,Confirmed by the show,,"For a recessive disorder, q² = 1 ÷ 2,500, so q = √(1 ÷ 2,500) = 1 ÷ 50 = 0.02. Carriers are 2pq = 2 × 0.98 × 0.02 = 0.0392. That is about 4%.","√2,500 = 50, so q = 1 in 50, which is 2%. Carriers are about 2q = 4%, because p is almost 1.",,,https://youtu.be/w3veN1z8SOM?t=1855
26-third-qb-2102,AM,3,third,UNN v UI,Quick Buzz,Combinations,"From 4 red, 5 green, and 6 yellow marbles, how many ways can 3 marbles be chosen?",285,455,180,455,Confirmed by the show,,"The colours do not matter, so choose 3 from 4 + 5 + 6 = 15 marbles. 15C3 = (15 × 14 × 13) ÷ (3 × 2 × 1) = 2,730 ÷ 6 = 455.","Cancel first: 15 ÷ 3 = 5 and 14 ÷ 2 = 7, so the answer is 5 × 7 × 13 = 455.",,Emma (UNN) wrong,https://youtu.be/w3veN1z8SOM?t=2099
26-third-qb-2118,AM,3,third,UNN v UI,Quick Buzz,Pythagoras,"After flying 300 kilometres north, then 400 kilometres east, determine the straight line distance between the starting and ending points.",,,,500km,Confirmed by the show,,"North and east are at right angles, so the distance is √(300² + 400²) = √(90,000 + 160,000) = √250,000 = 500 km.","300 and 400 are 3 and 4 scaled up by 100, so this is a 3, 4, 5 triangle and the distance is 500 km.",,(UI) right,https://youtu.be/w3veN1z8SOM?t=2115
26-third-qb-2149,AM,3,third,UNN v UI,Quick Buzz,Rates,A pendulum has a period of 1.5 seconds. How many swings occur in 10 minutes?,,,,400,Confirmed by the show,,"10 minutes = 10 × 60 = 600 seconds. One swing takes one period, 1.5 seconds. So the number of swings is 600 ÷ 1.5 = 400.","1.5 seconds per swing means 2 swings every 3 seconds. 600 seconds holds 200 lots of 3 seconds, so 400 swings.",,Solomon (UNN) wrong,https://youtu.be/w3veN1z8SOM?t=2146
26-third-qb-2166,AM,3,third,UNN v UI,Quick Buzz,Percentages,"A 14,000 litres tank is 40% full. How many litres are needed to fill it to the brim?","2,800 litres","5,600 litres","8,400 litres","8,400 litres",Confirmed by the show,,"The tank is 40% full, so it needs the other 100% − 40% = 60% to be full. 60% of 14,000 = 0.6 × 14,000 = 8,400 litres.","10% of 14,000 is 1,400, so 60% is 6 × 1,400 = 8,400. The 5,600 option is the 40% already in the tank.",,Solomon (UNN) right,https://youtu.be/w3veN1z8SOM?t=2163
26-third-qb-2185,AM,3,third,UNN v UI,Quick Buzz,Algebra,"If the sum of two numbers is 150, and their difference is 30. Find the numbers?",80 and 70,100 and 50,90 and 60,90 and 60,Confirmed by the show,,"Let the numbers be x and y, with x + y = 150 and x − y = 30. Adding the equations gives 2x = 180, so x = 90, and then y = 150 − 90 = 60. The numbers are 90 and 60.","Check the gaps in the options. 80 and 70 differ by 10, 100 and 50 differ by 50, and only 90 and 60 differ by 30.",,Solomon (UNN) right,https://youtu.be/w3veN1z8SOM?t=2182
26-third-qb-2198,AM,3,third,UNN v UI,Quick Buzz,Binary numbers,The binary number 11010 is subtracted from 101101. What is the result in decimal?,27,19,23,19,Confirmed by the show,,"Convert to decimal using place values 32, 16, 8, 4, 2, 1. 101101 = 32 + 8 + 4 + 1 = 45 and 11010 = 16 + 8 + 2 = 26. So 45 − 26 = 19.","Read off the place values to get 45 and 26, then subtract: 45 − 26 = 19.",,(UI) wrong,https://youtu.be/w3veN1z8SOM?t=2195
26-third-qb-2203,AM,3,third,UNN v UI,Quick Buzz,Rates,What is the heart rate of a person with an R-R interval of 80 seconds?,20 bpm,"4,800 bpm",0.75 bpm,0.75 bpm,Confirmed by the show,,Heart rate in beats per minute = 60 ÷ RR interval in seconds. So 60 ÷ 80 = 0.75 bpm.,"Beats per minute is 60 ÷ seconds per beat. 80 seconds per beat is slower than one beat a minute, so only 0.75 bpm fits.",,Abayomi (UI) right,https://youtu.be/w3veN1z8SOM?t=2200
26-third-qb-2226,AM,3,third,UNN v UI,Quick Buzz,Work,What is the work done when a 10 Newton force moves an object through 15 metres?,75J,300J,150J,150J,Confirmed by the show,,Work done = force × distance moved in the direction of the force = 10 N × 15 m = 150 J.,Just multiply: 10 × 15 = 150. The other two options are half and double that.,,Abayomi (UI) right,https://youtu.be/w3veN1z8SOM?t=2223
26-third-bm-2866,AM,3,third,UNN v UI,Brain Match,Mechanics of materials,What type of stress acts parallel to a surface?,Shear,Bulk,Axial,Shear,Confirmed by the show,,"Axial and bulk stresses push or pull straight into a surface, at right angles to it. Stress that acts parallel to a surface, trying to slide one layer over the next, is shear stress.","Parallel to the surface means sliding along it, and sliding is shear. The other two act straight into the surface.",,(UI) right,https://youtu.be/w3veN1z8SOM?t=2863
26-third-bm-2868,AM,3,third,UNN v UI,Brain Match,Integration,The integral of cos(ax) dx is,a sin(ax),sin(ax)/a,a cos(ax),sin(ax)/a,Confirmed by the show,,"Let u = ax, so dx = du ÷ a. Then ∫cos(ax) dx = (1 ÷ a) ∫cos u du = (1 ÷ a) sin u + C. Putting u = ax back gives sin(ax)/a + C, so the answer is sin(ax)/a.","Differentiating sin(ax) brings out a factor a, so integrating must divide by a to undo it. The options with a on top are wrong.",,(UI) missed,https://youtu.be/w3veN1z8SOM?t=2865
26-third-bm-2873,AM,3,third,UNN v UI,Brain Match,Vector calculus,Divergence of a solenoidal field is,0,1,∞,0,Confirmed by the show,,"A solenoidal field is defined as one with no sources or sinks, which means ∇·F = 0. The magnetic field B is the standard example. So its divergence is 0.","Solenoidal means divergence free, so the answer is 0. Do not mix it up with irrotational, which means the curl is 0.",,(UI) right,https://youtu.be/w3veN1z8SOM?t=2870
26-third-bm-2877,AM,3,third,UNN v UI,Brain Match,Electricity,"If a device draws 0.25 Ampere from a 120 Volt source, what is the resistance?",,,,480 Ω,Confirmed by the show,,"Ohm's law: V = IR, so R = V ÷ I = 120 ÷ 0.25 = 480 Ω.","0.25 is a quarter, so dividing by 0.25 is the same as multiplying by 4: 120 × 4 = 480.",,(UI) missed,https://youtu.be/w3veN1z8SOM?t=2874
26-third-bm-2883,AM,3,third,UNN v UI,Brain Match,Kinematics,"Given the position vector r(t) = (3t² − 4t)i + (2t³)j m, find the acceleration magnitude at t = 1 second",6√5 m/s²,√5 m/s²,3√5 m/s²,6√5 m/s²,Confirmed by the show,,"Differentiate twice. The velocity is (6t − 4)i + 6t²j, so the acceleration is 6i + 12t j. At t = 1, a = 6i + 12j, so |a| = √(6² + 12²) = √180 = 6√5 m/s².","At t = 1 the acceleration is 6i + 12j = 6(i + 2j), so its size is 6√(1 + 4) = 6√5. The j component alone is 12, which already rules out √5 and 3√5.",,(UI) right,https://youtu.be/w3veN1z8SOM?t=2880
26-third-bm-2888,AM,3,third,UNN v UI,Brain Match,Geometry,"A rectangle has side lengths in a 3:4 ratio. If its perimeter is 56cm, what is its area?",,,,192 cm²,Confirmed by the show,,"Let the sides be 3k and 4k. The perimeter is 2(3k + 4k) = 14k = 56, so k = 4. The sides are 12 cm and 16 cm, so the area is 12 × 16 = 192 cm².","Half the perimeter is 28, shared 3 to 4 in 7 parts of 4 each. That gives sides 12 and 16, and 12 × 16 = 192.",,(UI) missed,https://youtu.be/w3veN1z8SOM?t=2885
26-third-bm-2896,AM,3,third,UNN v UI,Brain Match,Units,The unit of thermal conductivity is,J/K,N·m,W/mK,W/mK,Confirmed by the show,,"Heat flow rate = k × area × temperature difference ÷ thickness, so k = W × m ÷ (m² × K) = W/(m·K). J/K is the unit of heat capacity and N·m is the unit of torque or energy. So the unit of thermal conductivity is W/mK.","Thermal conductivity is watts per metre per kelvin, and W/mK is the only option with watts in it.",,(UNN) missed,https://youtu.be/w3veN1z8SOM?t=2893
26-third-bm-2902,AM,3,third,UNN v UI,Brain Match,Units,What is the unit of magnetic permeability?,Henry/meter,Darcy,Weber,Henry/meter,Confirmed by the show,,"Permeability μ comes from B = μH, with B in tesla (Wb/m²) and H in A/m, so μ is in Wb/(A m). One henry is one weber per ampere, so the unit is Henry/meter.","Weber is flux and the darcy is for rock, so only Henry/meter is left (and μ₀ = 4π × 10⁻⁷ H/m).",,(UI) right,https://youtu.be/w3veN1z8SOM?t=2899
26-third-bm-2906,AM,3,third,UNN v UI,Brain Match,Simple interest,"₦18,000 grows to ₦22,500 in 4 years with simple interest. What is the annual rate?",4.5%,2.45%,6.25%,6.25%,Confirmed by the show,,"Interest = 22,500 − 18,000 = ₦4,500, and simple interest I = P × R × T. So R = 4,500 ÷ (18,000 × 4) = 4,500 ÷ 72,000 = 0.0625, which is 6.25% a year.","The interest of 4,500 is a quarter of 18,000, which is 25% over 4 years, so 25 ÷ 4 = 6.25% a year.",,(UI) missed,https://youtu.be/w3veN1z8SOM?t=2903
26-third-bm-2911,AM,3,third,UNN v UI,Brain Match,Kinematics,The velocity of a particle is v(t) = 3t² − 12t. At what time t is the velocity zero?,4s,2s,6s,4s,Confirmed by the show,,"Set v = 0: 3t² − 12t = 3t(t − 4) = 0, so t = 0 (the start) or t = 4. Of the options, v(2) = −12 and v(6) = 36 are not zero. So the velocity is zero at t = 4 s.","Cancel 3t from 3t² = 12t to leave t = 4 (t = 0 also works, but it is not offered).",,(UNN) right,https://youtu.be/w3veN1z8SOM?t=2908
26-third-bm-2916,AM,3,third,UNN v UI,Brain Match,Exponential growth,"The population P of bacteria grows at a rate dP/dt = 0.05P. If P₀ = 1000, what is the population after 20 hours?","3,124","2,000","2,718","2,718",Confirmed by the show,,"Growth at a rate proportional to P gives P = P₀ e^(kt). Here kt = 0.05 × 20 = 1, so P = 1,000 × e¹ = 1,000 × 2.718 ≈ 2,718.","0.05 × 20 = 1, so it is just 1,000 × e, and e ≈ 2.718 gives 2,718.",,(UNN) missed,https://youtu.be/w3veN1z8SOM?t=2913
26-third-bm-2921,AM,3,third,UNN v UI,Brain Match,Mechanics,"A 1,200 kilogram vehicle slows from 72 kilometres per hour to rest in 4 seconds. Calculate the magnitude of the average braking force.","1,200N","6,000N","8,000N","6,000N",Confirmed by the show,,"Convert the speed: 72 km/h = 72 ÷ 3.6 = 20 m/s. The deceleration is a = 20 ÷ 4 = 5 m/s², so F = ma = 1,200 × 5 = 6,000 N.","72 ÷ 3.6 = 20 m/s, then F = m × Δv ÷ t = 1,200 × 20 ÷ 4 = 1,200 × 5 = 6,000.",,(UI) right,https://youtu.be/w3veN1z8SOM?t=2918
26-third-bm-2926,AM,3,third,UNN v UI,Brain Match,Probability,Rain chance per day = 0.6. The probability that it doesn't rain two days in a row is,0.4,0.16,12,0.16,Confirmed by the show,,"Read it as no rain on either of the two days. P(dry on one day) = 1 − 0.6 = 0.4, and the days are independent. So P(dry on both days) = 0.4 × 0.4 = 0.16.","Dry is 1 − 0.6 = 0.4, and 4 × 4 = 16, so 0.16. The option 0.4 is only one day, and 12 cannot be a probability.",,(UI) right,https://youtu.be/w3veN1z8SOM?t=2923
26-third-bm-2931,AM,3,third,UNN v UI,Brain Match,Calculus,"If f(x) = 5x³ − 4x + 7, find f′(2)",56,38,48,56,Confirmed by the show,,"Differentiate term by term: f′(x) = 15x² − 4, because the constant 7 disappears. Then f′(2) = 15 × 4 − 4 = 60 − 4 = 56.","The 7 vanishes, 5x³ gives 15x² and −4x gives −4. At x = 2 that is 60 − 4 = 56.",,(UI) missed,https://youtu.be/w3veN1z8SOM?t=2928
26-third-bm-2935,AM,3,third,UNN v UI,Brain Match,Trigonometry,"If a man's height is equal to the length of his shadow, what is the angle of elevation of the sun?",45°,60°,90°,45°,Confirmed by the show,,"The man, his shadow and the sun's ray form a right triangle with equal legs. So tan θ = height ÷ shadow = 1, which gives θ = 45°.","Equal legs make an isosceles right triangle, so the angles are 45° each.",,(UNN) right,https://youtu.be/w3veN1z8SOM?t=2932
26-third-bm-2940,AM,3,third,UNN v UI,Brain Match,Electricity,"Which law relates current, voltage and resistance?",Pascal,Faraday,Ohm's,Ohm's,Confirmed by the show,,"Ohm's law, V = IR, ties together voltage, current and resistance. Pascal's law is about fluid pressure and Faraday's law is about induced voltage, so the answer is Ohm's law.","V = IR has all three quantities, so it is Ohm's.",,(UNN) right,https://youtu.be/w3veN1z8SOM?t=2937
26-third-bm-2943,AM,3,third,UNN v UI,Brain Match,Fluid mechanics,"In fluid mechanics, the continuity equation ensures what?",Mass concentration,Heat Concentration,Power,Mass concentration,Confirmed by the show,,"The continuity equation expresses conservation of mass: for steady flow ρ₁A₁v₁ = ρ₂A₂v₂, so what flows in must flow out. The proper term is mass conservation, and the only option about mass is Mass concentration, so that is the answer.","Continuity means conservation, mass in equals mass out, and only one option mentions mass.","The continuity equation states conservation of mass, so the option should read 'Mass conservation'. 'Mass concentration' is the mass of a substance per unit volume of a mixture, which is a different idea, but it is the only option about mass, so it is treated as the intended answer. The continuity equation expresses conservation of mass; the show's option reads 'Mass concentration'.",(UNN) missed,https://youtu.be/w3veN1z8SOM?t=2940
26-third-bm-2947,AM,3,third,UNN v UI,Brain Match,Ratio,"An alloy of bronze is composed of copper and tin in a 4:6 ratio. To produce 150kg of bronze, what mass of tin is needed?",,,,90kg,Confirmed by the show,,"Copper : tin = 4 : 6, so there are 4 + 6 = 10 parts in all and tin is 6 of them. Tin = 6/10 × 150 = 90 kg.","One part is 150 ÷ 10 = 15 kg, so tin is 6 × 15 = 90.",,(UI) right,https://youtu.be/w3veN1z8SOM?t=2944
26-third-bm-2953,AM,3,third,UNN v UI,Brain Match,Simple interest,"A man borrowed ₦10,000 at 5% simple interest per annum. How much will he pay after 3 years?","₦3,500","₦9,000","₦11,500","₦11,500",Confirmed by the show,,"Simple interest = P × R × T ÷ 100 = 10,000 × 5 × 3 ÷ 100 = ₦1,500. He pays back the loan plus the interest: 10,000 + 1,500 = ₦11,500.","Repayment must be more than the ₦10,000 borrowed, so only ₦11,500 can be right. Check: 5% is 500 a year, and 10,000 + 3 × 500 = 11,500.",,(UI) right,https://youtu.be/w3veN1z8SOM?t=2950
26-third-bm-2957,AM,3,third,UNN v UI,Brain Match,Calculus,What does the Jacobian represent in coordinate transformations?,Time,Force,Scale factor,Scale factor,Confirmed by the show,,"The Jacobian determinant tells you how much a small area or volume is stretched when you change coordinates, as in dx dy = r dr dθ for polar coordinates. So it is a scale factor.","Think of polar coordinates, where the Jacobian r is the area stretch, so it is a scale factor.",,(UI) right,https://youtu.be/w3veN1z8SOM?t=2954
26-third-bm-2960,AM,3,third,UNN v UI,Brain Match,Fluid mechanics,Reynolds number identifies,mass,pressure,flow regime,flow regime,Confirmed by the show,,"The Reynolds number Re = ρvD/μ compares inertial forces with viscous forces, and its size tells you whether flow is laminar or turbulent. So it identifies the flow regime.","Re is the laminar versus turbulent number, which is the flow regime.",,(UI) missed,https://youtu.be/w3veN1z8SOM?t=2957
26-third-bm-2962,AM,3,third,UNN v UI,Brain Match,Vector calculus,Divergence is a measure of what?,Rotation,Flux density,Length,Flux density,Confirmed by the show,,"Rotation is measured by the curl, not the divergence. Divergence ∇·F is the net outward flux per unit volume at a point, so it measures flux density.","Divergence is flux out per unit volume, and curl is the one for rotation.",,(UNN) right,https://youtu.be/w3veN1z8SOM?t=2959
26-third-bm-2966,AM,3,third,UNN v UI,Brain Match,Mechanics of materials,What type of stress occurs due to twisting?,Compressive stress,Tensile stress,Torsional stress,Torsional stress,Confirmed by the show,,"Compressive stress comes from pushing and tensile stress from pulling. Twisting a shaft produces shear stress across its section (τ = Tr/J), which is called torsional stress.","Twisting is torsion, so the answer is torsional stress.",,(UNN) missed,https://youtu.be/w3veN1z8SOM?t=2963
26-third-bm-2970,AM,3,third,UNN v UI,Brain Match,Linear algebra,"Find the eigenvalues of the matrix [[5, 2], [2, 5]].",3 and 7,4 and 6,5 and 5,3 and 7,Confirmed by the show,,"Solve det(A − λI) = (5 − λ)² − 2² = 0, so 5 − λ = ±2 and λ = 3 or 7. Check: 3 + 7 = 10 is the trace, and 3 × 7 = 21 is the determinant 25 − 4. The eigenvalues are 3 and 7.","For a matrix [[a, b], [b, a]] the eigenvalues are a + b and a − b, so 5 + 2 = 7 and 5 − 2 = 3.",,(UI) right,https://youtu.be/w3veN1z8SOM?t=2967
26-third-bm-2974,AM,3,third,UNN v UI,Brain Match,Vector calculus,What is the divergence of a constant vector field?,0,2,1,0,Confirmed by the show,,"A constant field F = (a, b, c) has constant components, and divergence is ∂a/∂x + ∂b/∂y + ∂c/∂z, where every term is the derivative of a constant. So the divergence is 0.","Divergence is a sum of derivatives, and the derivative of a constant is zero.",,(UI) right,https://youtu.be/w3veN1z8SOM?t=2971
26-third-bm-2977,AM,3,third,UNN v UI,Brain Match,Transforms,Which transform converts convolution to multiplication?,Taylor,Laplace,Gauss,Laplace,Confirmed by the show,,"The convolution theorem says the transform of a convolution equals the product of the two transforms, F(s) × G(s) for Laplace. The Fourier transform does this too, but it is not listed, so the answer is Laplace.",Convolution theorem: only Laplace in this list turns convolution into a product.,,(UI) missed,https://youtu.be/w3veN1z8SOM?t=2974
26-third-bm-2980,AM,3,third,UNN v UI,Brain Match,Ratio,"A student mixes sand and cement in a ratio of 3:1. If he uses 9kg of sand, how much cement is required?",,,,3kg,Confirmed by the show,,"Sand : cement = 3 : 1, so 3 parts of sand go with 1 part of cement. 9 kg of sand means each part is 9 ÷ 3 = 3 kg, so the cement needed is 3 kg.",Divide the sand by 3: 9 ÷ 3 = 3.,,(UNN) right,https://youtu.be/w3veN1z8SOM?t=2977
26-third-bm-2985,AM,3,third,UNN v UI,Brain Match,Stability,"When all eigenvalues are real, negative, and distinct, the system is",Unstable,Stable,Random,Stable,Confirmed by the show,,"For a linear system x′ = Ax, each mode behaves like e^(λt), so real negative eigenvalues make every mode die away to zero. That means the system is stable.","Negative real eigenvalues mean everything decays, so it settles down: Stable.",,(UNN) missed,https://youtu.be/w3veN1z8SOM?t=2982
26-third-bm-2989,AM,3,third,UNN v UI,Brain Match,Rates,"A car travels 240 kilometres on 20 litres of petrol. How far, in kilometre, can it travel on 15 litres?",,,,180km,Confirmed by the show,,The car does 240 ÷ 20 = 12 km per litre. On 15 litres it travels 12 × 15 = 180 km.,"15 is three quarters of 20, so take three quarters of 240: 60 × 3 = 180.",,(UI) missed,https://youtu.be/w3veN1z8SOM?t=2986
26-third-bm-2993,AM,3,third,UNN v UI,Brain Match,Work,How much work is done lifting 8 kilograms through 3 metres? (g = 9.8 m/s²),,,,235J,Confirmed by the show,,"Work done lifting = weight × height = mgh. So W = 8 × 9.8 × 3 = 235.2 J, which is about 235 J.","8 × 3 = 24, and 24 × 9.8 = 240 − 4.8 = 235.2, so about 235.",,,https://youtu.be/w3veN1z8SOM?t=2990
